accession,site
Q92616,898
YBR286W,266
I6Y4Q3,372
P78527,122
YDL185W,139
P26231,358
YGL026C,563
YBL032W,341
P22259,254
YDR023W,103
P37759,182
P01027,813
O00232,52
I6YAF6,297
O95347,12
P53621-2,1037
YPL131W,48
P04247,51
I6XXA2,8
I6Y9D5,3
P35505,144
P55264,10
YHR141C,63
P09372,194
Q08J23,134
YGR280C,194
P76290,172
I6X8D2,696
P55096,479
S8F3W4,134
P0ADY1,412
YLR335W,170
P0AGJ5,316
P42704,349
V4Z7M7,308
YPL079W,69
P08956,554
Q08211,1163
P0A9Q7,582
P50990,260
P14685,311
YCR084C,316
YPL226W,705
O08601-2,202
YOR326W,927
Q8CC86,509
F8VPN4,334
Q1KSF3,538
YAL035W,245
E0CYV0,232
P37177,506
Q9NVA2-2,75
P0A6Q3,4
P07024,2
P06611,101
Q8BL66,192
Q9NQH7,194
P06748,150
YLR335W,467
Q99PL5,672
YGL099W,597
Q08211,898
Q9WUR2,68
Q91YW3,309
Q3UWB9,522
15610835,179
P18206,881
I6X9Y7,92
YBR019C,183
Q9CQA3,42
YML086C,347
Q08J23,535
P35268,48
YMR012W,632
P0ADV1,158
P26373,89
YDR023W,318
YLR335W,101
YNR043W,171
E9PF18,305
YOL077C,273
Q09666,3374
I6Y2I3,222
15608821,772
P96414,206
P0AEC3,199
YOR326W,765
YKL065C,142
P28331,98
YGR208W,289
15610188,403
P61247,222
P35520-2,267
P24232,394
P0ADP9,4
Q6P1B1,84
YHR137W,451
Q3UEL5,258
P0AAQ6,31
Q14315,1337
P0A7A7,398
D3YWJ3,65
P76104,252
P0AAR3,132
P08195-4,191
Q91WS0,78
V5AY44,6409
E9QNP7,169
P17315,342
P76658,341
YDR002W,36
YDR513W,130
V4ZBH7,103
P0A847,347
Q86UP2,563
YPL226W,322
YBR025C,195
Q09666,5407
I6YAI8,26
P13667,362
Q91WL5,170
O95347,879
P07024,177
P12956,582
P00805,194
P76558,440
P37648,319
YDL058W,1705
I6XC17,251
P0ACP1,33
Q6P2I3,135
Q9CXJ4,175
P21964,161
YBL064C,107
Q00839,544
P46852,82
YNL044W,108
P08956,227
P56385,12
P31939,137
O75821,32
P39401,589
Q86UP2,559
Q86UP2,63
G3UZM1,2171
Q50631,1157
Q91YI0,445
YIL133C,82
YCR088W,356
YML128C,436
L7N672,225
P76549,71
YER069W,768
Q91YW3,200
P56192,726
Q9CXD6,134
YGR254W,397
YPL231W,702
YOR361C,209
Q92616,599
Q08211,1007
Q99PL5,1358
P06748,263
I6X5Y3,151
Q15631,199
I6Y8C1,309
P05455,9
P0A9D2,169
E9QNP7,183
YBL027W,133
O75531,41
P0AAR3,77
Q3SY69,897
YEL031W,1215
YPL078C,133
YGR159C,410
P0AF56,53
P16676,173
YGR240C,681
YGL105W,186
Q15084-2,160
Q8CC13,265
O14929,356
YML091C,542
O14929,9
YDR172W,131
YOR211C,402
P13667,256
S8EYC0,257
Q61733,377
P0AES0,219
YBR106W,52
P0AGD7,271
YML072C,190
P03841,268
P54727,374
P19338,318
YGL135W,160
E9QN44,313
P62750,88
YBR286W,292
YDL126C,522
Q09666,582
Q99757,163
P02656,71
Q9NUJ1,52
Q9NR30,76
V4Z7M7,122
P54727,367
YCR088W,338
F8W914,30
Q08211,55
Q86UP2,210
P0ADR8,290
P0AFY8,2
P96874,9
YMR072W,170
S8EUM4,262
P33348,347
P09429,88
Q8K0E8,146
E7EVA0,2200
YJR104C,9
P50990,224
Q92616,1770
Q09666,3988
Q4G176,421
YML074C,91
Q99PL5,379
YJL130C,762
YOL058W,295
P0ADS6,241
P0AFR4,43
YDL124W,140
Q09666,1450
F8VTL3,646
YML048W,395
P27824,292
A6H5Y3,688
Q96GC5,70
P31069,340
P35268,14
S8F640,41
YJL130C,1476
B4DXI4,183
P95228,454
Q91ZU6-4,3611
O76094,561
O75964,35
P21513,665
P16700,81
I6X608,487
P53621-2,20
B7Z4C8,101
15610988,41
Q9BSH4,130
P49902,515
P05783,370
YIL022W,418
P0ACA7,135
YER069W,20
P29966,69
YBR106W,137
P0A7E3,103
Q9WUR2,158
P22234,178
Q9WVA2,29
P56192,513
O09173,252
Q14974,169
YGR254W,272
Q63880,194
O15479,256
Q3U111,392
P95228,238
Q9JKR6,623
P0A800,45
E9Q1Q9,4
Q46915,223
Q8TCS8,105
P0A8I3,154
Q8BVQ9,100
YER120W,122
Q9CQN7,32
Q99PL5,62
I6YHG3,1014
YPL131W,271
E7EVA0,1997
P0A8T7,972
S8FFS7,660
F6Q8D3,49
V4YQK1,1357
YLL026W,258
S8G630,769
O53611,427
B4DR61,398
I6Y4Q0,1108
P37802,88
P51553,4
P45523,227
YBR079C,744
Q9BUQ0,492
P21338,86
Q14978-2,347
P39172,70
P23865,354
YNL248C,4
Q9D0S9,139
Q4G0N4,302
Q921X9,184
YAL035W,268
P69797,84
P37759,171
P97742,441
S8FFS7,475
P21513,522
Q9Y2Z4,347
Q8R5F7,772
O76021,433
Q92616,2258
YLL026W,169
P02930,305
I6WZ66,105
I6XEN6,143
G3X925,410
P0A6P5,41
YDR341C,387
P0AG80,412
P14324,323
P27240,110
P41252,868
I6XXA2,8
Q8BVQ9,20
P39356,100
P33991,423
E7EVA0,1239
Q6P2I3,64
P0AFC7,204
I6XBR5,690
P0A948,71
Q8N0X4,61
E7ENR4,59
Q9P2J5,914
P03007,136
P00864,159
Q52KE7,311
YGL167C,568
15608050,47
A2A7A7,331
P0C8J6,273
V4Z4E7,1221
P56192,860
P46940,269
P36578,193
YER049W,207
I6X3E1,262
I6X2F8,621
Q5SXR6,386
Q46845,285
P14685,451
Q09666,1946
P00452,381
P0ACP7,103
P27306,242
P37902,122
P0AEE1,125
P06989,149
P30864,215
Q3TL44,835
P35340,481
YOR317W,594
P36683,203
Q9QXD1,303
Q8R404,36
Q64459,208
Q07065,601
P43897-2,76
P43034,214
P0AB24,221
Q8WVY7,67
Q3UWB9,434
YJL041W,623
P55096,53
YBR025C,369
P22307,274
Q09028,309
O94826,241
P53621-2,411
Q09666,4409
Q921K2,616
P24216,27
P28306,332
I6YCT7,89
P00961,227
YOR361C,656
YPR036W,93
Q9H4B0,140
P31069,281
P71905,429
A2A274,574
P08956,783
P78527,3449
G3UZM1,2492
YDL185W,623
YJL130C,1531
I6XXM2,19
Q9H4B0,191
YHR010W,27
P0A6E6,137
YER122C,115
Q9D826,31
P0A6H5,223
P78527,2500
YGL105W,250
Q8BL66,910
V4Z7M7,2587
YOR153W,1167
B7Z4C8,5
P47911,77
YNL248C,245
P13745,120
G3UZM1,2500
P0AES4,18
Q14978-2,568
P51398,295
I6XD86,191
O76094,300
YNR030W,302
YBR127C,14
P0AB24,52
Q6P5E4,827
P27824,234
Q80XN0,97
P0A9K7,116
Q09666,3024
Q13098-7,172
L7N655,351
P30040,232
P25745,322
Q9JI90,281
YNL079C,77
P23909,787
S7UXS8,88
YLL018C,103
I6X784,77
Q3SY69,788
YLR175W,180
P0AFA2,481
S8ES70,297
A6NG51,2005
O53506,299
I6X8F1,231
P76423,195
YBR079C,77
YOR369C,114
P00561,128
P24456,248
P0A940,289
O95347,890
P07724,305
P76658,470
I6X2Y1,1005
P0AEG6,64
O53666,108
P0ABD8,5
YKL176C,602
Q3SY69,227
O75323,53
P11557,92
P67936,44
P25745,149
P33363,409
P11349,63
YLR389C,339
Q2TPA8,468
YNR051C,318
P07900-2,782
YER138C,1357
O76021,283
P0A6P7,188
P07024,421
V5AY44,4081
O53406,432
Q9CWK8,426
I6X5F9,296
YOR332W,118
Q92616,1371
P09151,454
I6YCN6,836
S8GCR8,551
P0AFF6,235
I6YCA7,106
P60624,19
I6Y9S9,154
Q09666,2435
O53516,176
P07814,139
P0ACZ4,103
Q15149,2339
B4DFQ6,173
YJL041W,276
P46940,1653
Q91ZU6-4,5726
YEL047C,146
YOR027W,55
V4YRX3,292
B1ATI0,262
P41252,1226
P49327,257
YDL058W,1571
P49429,270
P18206,281
I6YDA2,38
P13745,46
P76116,338
Q15031,681
Q8K0E8,366
O95347,515
F8WIK2,443
S8G527,796
Q9UII2,103
E9QPX3,41
YNL084C,25
P95228,454
V4Z4E7,340
YBL027W,46
YLR389C,589
Q9WU78-3,215
YMR125W,525
Q3UEL5,534
P46852,60
YIL075C,680
Q8K370,314
P0ACI0,257
P09543,261
P0ACA3,181
Q8C0S4,504
S8G630,944
Q3UEL5,242
YOL109W,56
Q9WU78-3,317
Q02788,315
YBR025C,250
YPL226W,781
Q16795,147
P37749,262
P05187,297
S8GUU0,222
P36776,581
P0AFL6,244
YBR020W,43
Q9QXD1,668
O75531,18
Q08J23,498
YNL084C,236
I6XFP1,767
Q01082,1459
YLR335W,153
YOR204W,558
F8WIK2,810
YCR088W,161
YBR009C,92
YBR018C,107
P05187,78
Q12904-2,157
Q00796,175
P09323,648
P50454,190
P59017,294
P25688,164
P28838,497
Q13423,24
15607574,55
O75821,195
Q92616,1976
Q09666,1481
Q3TL44,431
P0A940,351
P13745,211
YOL005C,102
P59017,434
YOR091W,237
YDL058W,1370
Q96ER9,201
O70503,238
YBL032W,76
YKL180W,89
I6YDP0,84
P05791,320
P97742,701
YPL231W,1145
P0A715,162
A2A7A7,310
S8ERT6,550
P0A6N4,42
O70475,124
O00411,349
O95347,290
YJL080C,766
YPL222W,409
YML070W,338
P32132,250
Q12904-2,59
P62851,10
Q15149,2309
P49419,17
Q8NC51,294
P0ABF1,300
P23786,654
YER110C,414
YOR198C,355
YML070W,170
P0A9D8,100
O94925,610
C9JSL2,431
P0C054,130
Q9NR30,461
F5H5P2,434
Q5SXR6,768
P33602,85
S7UKW3,340
P36683,7
P52643,248
P31550,72
F8W914,168
P22234,19
P07024,293
E9PAV3,1390
Q91ZU6-4,4381
YBL030C,163
S8ES70,660
YML070W,488
P35268,5
P00582,637
P06149,413
F8VTL3,1255
Q09666,5744
Q99PL5,692
Q9BRA2,86
Q3V125,397
P0A8X0,51
O75027-2,152
YIR006C,580
YBR019C,256
S8F7E2,199
Q64459,206
Q3V117,488
P27240,141
I6Y4T7,326
A6NG51,2354
P0A948,10
P29401,526
P0A7G6,9
YLR060W,453
Q9WU79,439
P77718,359
A6H5Y3,688
I6X3L0,205
P19338,220
P0ADS6,103
I6X469,205
YOR027W,424
Q13098-7,172
YML074C,278
P49327,2114
V4Z729,112
Q91ZU6-4,2909
Q01082,1272
YLL026W,169
YML072C,133
YLR248W,315
YMR083W,239
P23193,67
P0AE91,2
V4YV42,679
O15145,37
YLR359W,141
O69693,348
I6XDR2,159
I6X0G4,313
P0AG80,185
YLR113W,317
Q80VP1-2,128
Q99N96,218
P33991,796
P68206,51
YPL226W,32
Q01082,226
YML074C,300
Q1KSF3,242
P71737,90
S8F7E2,41
P07814,987
YJL041W,139
YJL026W,298
S7UUN3,404
YGR094W,845
P18390,157
Q13825,329
P78527,801
YKL060C,258
Q91ZU6-4,5739
P23909,783
P37648,453
O05856,113
P46853,224
Q09666,5772
YIR006C,1030
YPL231W,890
YJL130C,790
YDL058W,693
Q3U111,604
I6YCS0,223
Q08211,264
YJL080C,258
P23786,305
E9QNW6,94
Q6P1B1,449
Q9NR30,19
Q16762,266
YOR206W,27
P0ADV7,29
P45579,177
YOR361C,462
P07814,647
V4YZ90,327
I6YCG7,511
I6Y4J0,27
q0065,495
S8F0X4,205
Q91ZA3,76
P32320,11
P0AFF6,144
P23193,265
O76094,663
Q3UNX5-2,568
P0A6P5,435
P37773,198
P0A8W2,25
P50396,435
Q91V76,148
P56192,663
Q9BXJ9,338
YNR043W,18
V5AY44,6671
Q9EQ06,106
Q9BTT0,4
P32969,59
P28843,30
Q91ZU6-4,468
I6XXR6,63
P32132,230
O14929,322
Q8C0S4,589
P0A887,90
P76290,149
O76094,552
YBR127C,438
P30136,542
YMR012W,176
P0A8E1,101
O53666,148
Q1JSY0,32
P0A887,35
P82933,350
YOL058W,411
Q9NYK5-2,68
P71988,115
G3X9F8,273
YLR248W,431
S8F968,247
Q3V117,732
S8GCR8,68
P03007,126
YPR191W,312
YDR129C,610
P0AFL6,139
Q61176,172
Q9Y305-4,191
I6Y569,321
I6X462,120
C9JSL2,986
P95228,256
Q13825,109
O95202,725
P53999,53
P62241,203
Q12797,37
P39371,249
Q5SWU9-2,169
Q99J08,321
Q3UNX5-2,383
A6NG51,39
I6YBX7,410
YNL121C,213
P12956,556
YGR240C,821
Q8C0S4,387
I6X5K1,236
YMR217W,325
YOR211C,402
O76021,284
YLR175W,337
Q3UKX6,22
P39371,318
YDL126C,396
Q9H2U2-2,151
B9QE96,470
YGR254W,178
P76108,154
P45579,355
V5BHR4,736
V4Z4E7,53
YKR065C,128
Q9UHG3,211
Q78PY7,157
P31949,52
O06574,322
YGL022W,489
G3UZM1,2238
P36776,401
Q9Y305-4,52
I6X608,248
P14927,72
P38038,288
Q8K2Y7,55
YJL041W,263
P13707,110
P0AA43,94
O69693,185
P13639,648
YFR044C,279
P76507,292
P37689,364
O55022,172
P0A6P7,156
YER122C,273
P0A6F3,233
P33363,455
F5H3A1,671
YER049W,381
P26641,241
Q91WN4,153
P0A809,129
Q8C0S4,1092
I6XHK1,190
P0AEX9,114
P05455,339
Q09666,1946
Q09666,4241
Q14315,953
YNR013C,244
YNL189W,401
P37387,108
P76034,43
YDL126C,75
P16700,128
YOR361C,587
P31069,355
S8F0X4,474
Q14315,776
P51659,274
P0AB43,50
Q8TCS8,601
Q99PL5,1061
YOL123W,156
V4Z4E7,1997
E7EVA0,1304
Q3UPL0,660
Q07065,540
P24255,474
P08956,462
Q9D6Y9,193
P0A8X0,40
P28838,169
YOR206W,185
Q00059,141
Q3V117,1080
Q8BL66,1363
Q8C243,265
YOL123W,326
P45523,142
I6XF43,226
Q3UER8,327
P23396,18
YJL130C,431
Q61733,81
P61978-2,168
P04949,406
O09172,158
F6Q8D3,857
V4Z6Q0,381
YMR108W,13
Q8K370,896
A6H5Y3,647
P07814,231
Q91ZU6-4,6680
P0A998,92
YPL231W,170
P00558,353
O14548,11
P78527,944
Q91ZU6-4,35
I6X5P6,135
Q01581,321
YDL055C,69
Q9D379,244
P53597,108
P63235,157
Q9P0P8,232
Q8NC51,310
P62241,208
P0A940,251
G3UZM1,1824
I6X9M1,202
Q13057-2,493
P01891,340
O75746,370
P0AES0,280
P42126,63
YBR009C,60
P28843,530
Q8VCF0,297
P55809,436
YHR010W,52
P46118,270
P42632,316
P0AFK0,153
YDR168W,402
P55809,406
Q5U5I3,146
Q64459,425
P82933,280
P37329,202
P0AES0,564
O88986,186
Q91ZU6-4,317
A6NG51,1664
Q9CQA3,169
P35340,292
YOR184W,48
YOR326W,865
P0A8G0,100
Q92616,2425
P12787,116
P17846,22
P49429,248
Q7TQ48,485
P38489,96
Q96CS3,239
Q15149,1801
P0A9S7,56
P10649,52
P26231,845
Q9H2U2-2,274
P41250,389
P32969,174
YER110C,1076
P12281,341
Q14974,169
P24216,326
YCR083W,59
P0AEE5,312
Q1JSY0,590
P61221,169
Q00688,23
O35386,214
Q08211,236
Q8K2C6,28
P46940,1657
O07738,30
P23193,242
P39371,283
P39748,88
YGL200C,172
Q14315,2117
A6NG51,981
P10408,643
P0A6V8,216
YMR012W,927
Q99PL5,427
P0AB14,60
YKL120W,221
YER025W,449
P00961,457
P0ADR8,73
P0AEM9,62
YML128C,379
P0A8D0,106
P0AEX9,245
C9JSL2,1000
Q8R5F7,684
P45577,155
Q2TPA8,427
P18956,348
Q9NYK5-2,23
YJR123W,54
Q9CQH3,152
Q09666,5655
Q9NVI7,46
V4Z729,320
P35585,346
P05783,167
P50396,348
Q8WVY7,280
YKL117W,111
P0ADE6,37
Q9ET01,596
P61978-2,411
S8GKI2,22
YDR083W,326
YGR118W,82
Q544X6,65
P0AAG8,240
Q12797,474
Q8WXC9,72
F8WIK2,691
P04425,160
Q91YW3,437
P55096,322
I6Y7H1,389
F8VTL3,968
I6XDR7,198
YML091C,1095
Q61694,103
Q9NSE4,555
S8F0X4,522
S8ES70,562
Q3UWB9,486
I6YCA7,456
P32320,26
Q8WWC4,191
Q9NTJ3,607
Q9DBN5,449
A6H5Y3,715
O00411,128
E0CYV0,62
YOR153W,997
P80313,430
Q14315,2709
P50990,281
C9JSL2,466
Q91YW3,212
YPL231W,1090
V4YNN3,696
YDR023W,220
YOR270C,662
YNR054C,102
Q99K67,820
Q4LDG0,479
P08956,495
P77318,198
Q9Y2Z4,58
YOR285W,17
S8GKI2,123
P09323,463
O54734,167
P0AEG6,236
V4Z7M7,917
YMR108W,630
YML072C,1092
YKL182W,1286
P36938,85
Q09666,609
Q92616,167
YDL124W,109
YIL075C,94
P0AGC3,467
YDR341C,412
P0A6C5,84
Q91ZU6-4,2068
Q8CC13,415
S8ER81,273
YJL041W,503
F8VTL3,620
P78527,205
P00452,154
P0A7K6,106
Q53R41,718
Q91YP0,335
P0AEJ6,4
P61289-2,250
P96273,274
P55884-2,521
P0AFK0,272
Q91ZU6-4,2784
P39286,320
YJL130C,262
O75027-2,653
Q15149,519
YMR309C,204
P05458,443
P76507,333
YIR006C,739
P0AG07,2
YBR020W,19
P21169,360
P0A887,52
O00411,755
O95373,306
Q9P0P8,130
E7EVA0,825
O50435,93
Q9QXD1,561
Q3U111,312
Q5RKZ7,194
YDL185W,539
P61254,13
I6XBY8,58
P00367,386
O70475,207
Q96DC8,293
YER110C,1053
P0AF18,150
P08331,415
P77718,359
YDL058W,1044
P76002,133
P0ADV9,3
P36776,690
O94925,616
P0AG44,121
P24255,425
Q8R4E6,326
Q91YP0,110
Q16134,105
YML128C,274
YEL031W,887
P37760,270
YIL022W,307
Q3V125,253
V4ZAP4,199
YLR216C,145
YOL139C,158
P30153,566
Q61694,164
YDL140C,1725
YKL182W,1786
Q5SWU9-2,1316
P23839,234
P22234,80
YCR083W,45
G5E889,139
Q99598,93
P10515,240
P15977,34
I6XI10,140
P00864,274
Q9JI90,357
O76021,240
Q1KSF3,444
YIL075C,316
P39199,239
P67936,104
P09234,52
P53621-2,1193
Q3UPL0,111
V4YRX3,441
P0AG14,319
I6YBX7,613
YMR217W,117
S8EVA6,112
P47897,498
Q5SXR6,209
YJL080C,890
P0C0V0,148
YDR023W,362
I6Y8D8,159
A3KMH1,1843
P46940,1604
P18206,496
P23847,259
F8VTL3,1451
O95347,958
Q99K28-2,510
G3X9T7,76
P15288,372
P19338,223
B4DXI4,82
Q09666,2002
O75608,90
S8GCY4,194
Q9NPG3,199
YPR183W,81
P51398,351
S8EUM4,241
YDR341C,366
G3X982,907
YOR310C,333
I6XD29,299
P16331,363
P49327,927
P53621-2,480
YGL009C,321
Q9JKR6,407
Q3UNZ8,36
Q99J08,124
P01027,951
YBR069C,583
P23865,185
P22234,247
P0AES4,276
P82933,76
P0ACA3,181
P07623,227
YPR033C,147
P76104,128
Q01082,124
Q8R5F7,997
I6X2F8,162
P39356,100
YHR146W,50
P14094,22
P37095,21
Q53R41,691
S8FFS7,372
Q9NPG3,363
P08133,354
Q6XPS7,390
Q9WU79,175
P06959,245
Q14315,2195
O70503,308
S8F640,60
Q9Y6N5,224
S8G527,373
O95373,132
P0A8Z0,116
P0AES6,231
G5E889,599
O76021,257
Q9QXE0,569
G5E889,320
P76372,147
P51659,725
P76594,523
Q52KE7,124
V4ZFC8,545
YOR027W,264
P07900-2,689
Q15031,363
YGR254W,346
P78527,2752
O43290,183
Q9CXD6,217
Q99873,98
G3X982,475
P26231,374
I6X0T7,267
I6Y340,124
E7EVA0,2232
F5H3A1,468
P22314,485
P35520-2,565
P06149,484
G3X982,475
P78527,3608
P32320,144
P49321-3,264
S8G5T5,141
Q15149,2931
I6X2F8,397
P0A8V2,735
P37751,264
P33355,91
YGL200C,138
I6X7R2,103
P69831,443
I6XD86,191
P03018,242
Q969Z0,396
P69910,168
P00452,542
Q9Y2R9,121
V5BCJ1,411
O35459,230
P17812,535
Q9NTJ3,598
I6YBX7,459
P23865,346
Q64459,331
P23919,25
Q92616,1871
P37759,219
F8W031,174
Q9WU79,109
P61289-2,85
P0A8G0,346
YDL160C,324
I6Y6N7,118
P10408,797
Q91ZU6-4,2162
P55884-2,744
Q16891,708
Q9BXJ9,366
YLR335W,435
Q8C0S4,1092
P13745,46
YPR033C,490
Q14697-2,202
P05455,312
P76658,84
P06149,395
Q921S7,393
P06959,6
YGL105W,277
YML070W,211
Q969Z0,182
V4ZAP4,187
O53430,173
Q9BXJ9,459
P37689,430
S8F993,651
V4Z7M7,490
F8WIK2,150
Q99N96,318
S8GDT8,471
P39748,380
I6YB44,348
P36767,210
P26373,16
P21165,77
O75439,268
P08997,244
P77748,403
Q3V125,360
YIL075C,815
P0AGD7,146
G3UZM1,1875
O70475,207
I6X5Y3,155
YLR060W,479
V4YZ90,527
YDL140C,934
Q9JIY7,135
Q9DBN5,230
P78527,1042
Q9WVA2,46
YGR159C,322
P42126,84
Q12797,697
Q16854,129
P0AG59,83
YMR099C,8
P42632,681
I6Y778,381
P26646,12
Q9CXJ4,610
P33991,450
P13707,5
Q91ZU6-4,6335
P49902,313
Q15070,423
Q91ZU6-4,4465
P13639,481
I6X6P9,215
Q46829,323
YAL035W,420
O75531,54
P43672,122
I6YCV1,403
P06959,370
E9Q035,561
Q3V125,238
P09960,310
G3UZM1,1059
YBR019C,679
YDR377W,58
Q9P2J5,492
P0A9Q7,68
A6NG51,594
15610986,29
YDL058W,864
I6Y9K2,23
P12281,262
Q52KE7,353
P27240,4
P26373,197
YOR254C,317
V4YV42,12
Q9HB71,123
P0AE06,346
Q99PL5,360
YLR216C,250
P0A7Y0,157
P78527,1292
P0A9J8,20
Q9EQ06,189
Q4LDG0,195
V4YNN3,440
YDR298C,96
Q91ZU6-4,85
Q13057-2,258
P55884-2,562
P30153,292
P07814,599
YMR083W,57
Q3UNX5-2,542
P49429,202
A6NG51,241
P05458,960
O76094,668
Q9NWU1,30
P06959,465
A6NG51,757
A6NG51,1209
YBL064C,184
Q9DBG1,136
I6YCS0,559
Q6P2Q9,1649
P0A800,45
P33355,100
Q8R128,249
P53999,101
E9Q1Q9,219
P0AF18,347
Q8BL66,396
O00411,428
Q8TCS8,616
S8EWS1,432
P31658,43
YOL058W,412
I6X149,395
P11349,87
S8F952,1205
YGR167W,55
P24215,288
YGR094W,997
P39838,62
Q6P2Q9,1898
YNL138W,98
P32132,427
Q9CXD6,204
Q9HB71,88
Q3TL44,934
P11087,1141
Q9HB71,212
P62753,164
I6Y6P5,247
L7N6A5,61
P0A7I4,414
Q9NSE4,625
O95347,877
Q3V125,695
P55809,185
P06616,282
P31133,30
YOR206W,45
Q5T4U5,334
YNL064C,144
O70475,67
YML048W,92
P97872,108
YJL041W,628
P0ABZ6,5
P52647,781
Q8BJ64,582
P0A6L0,137
Q9Y2Q3-2,200
V4Z7M7,2124
YGL099W,570
Q96EY7,601
P55884-2,230
Q16718,113
YJL080C,1049
P02924,27
P05458,440
I6WXB0,236
P30178,307
I6XBR5,749
Q9NWU1,113
Q9ET01,640
P40120,398
D3Z041,655
P55096,322
P07814,939
P0AG16,282
Q6P2Q9,477
P0AEC3,660
P33348,120
P11349,63
P63389,35
Q01082,784
P27306,258
Q9CQ62,214
Q14116,89
YDL166C,120
P76558,432
P53621-2,1220
P00864,43
P78527,838
P07639,76
P50396,103
Q14CZ7,38
P23843,204
P61956,35
I6Y6N7,165
Q3UPL0,748
P0AES6,640
YOR164C,312
Q9NR30,363
P14685,269
P04036,70
S8F029,192
P29966,154
I6X7R6,3
S8G630,952
D3Z1M3,125
P96273,244
Q99JB2,200
Q9JI90,240
I6XFP1,524
I6XFP1,1108
P20042,259
Q9D273,162
P69831,443
I6XBR5,257
E9QN44,157
Q9EP89,251
P28838,321
V4Z4E7,1532
YCL057W,692
Q01082,1312
S8GCY4,431
S8G5T5,246
Q9HC21,153
Q08211,591
P55809,26
A6NG51,864
P23193,269
P13995,286
P0A6H5,223
YDL166C,28
P22525,179
Q9JKR6,428
YDR513W,34
Q5T4U5,304
P04425,60
15610188,263
P37751,63
Q9BW91,95
P36979,332
P28843,116
P96375,29
YMR125W,496
Q13098-7,116
I6WZG9,58
YNR054C,112
V5AY44,1265
Q00688,52
P0AEG4,207
G3X982,797
I6XWG6,31
YBL032W,377
B7ZCJ1,1761
Q09666,3152
P65292,2
YBR143C,142
YDL095W,622
P51398,192
Q09666,1976
E9QN44,137
Q91X72,400
O53406,524
P78527,3621
YHR010W,55
A6NG51,1834
YPL079W,32
Q9UHB6-4,250
YOR153W,800
YDL126C,31
V5BIR7,555
YPR036W,159
Q14315,1229
YNL079C,21
P14324,323
Q9BUQ0,368
P49321-3,444
P50990,540
P07814,1354
P23909,850
YDL140C,323
Q8K3J1,41
E7EVA0,1628
S7V2T0,555
P37802,20
S7UKW3,300
YIR006C,1338
P46940,684
Q6P2Q9,2070
Q99PL5,209
P61247,94
Q91ZU6-4,4787
P45955,212
P50172,56
F8VTL3,1111
O69687,179
Q96EY7,315
YGL187C,28
I6X558,87
I6X5Y3,155
Q9CWS0,251
YER049W,12
P0AEE5,3
P32132,253
Q8R128,322
Q6P5E4,1331
I6Y9K2,217
YBL064C,164
P61221,513
P0A6W5,63
O95347,1105
Q99JY0,255
Q9EP89,301
P28331,170
P69811,336
Q7L2H7,149
Q9DC71,184
P30044,146
P12295,171
P95034,339
Q9Z2Y8,76
P30744,450
Q9CQZ6,41
S7V2T0,557
P55096,38
YOR310C,393
O06554,180
Q01581,317
P21169,711
Q08211,275
P78527,2207
Q91WL5,63
P78527,1051
Q8R164,204
Q99LY9,54
P78527,2717
YJL149W,175
YMR125W,314
P0AEC3,348
YML086C,510
Q8BL66,314
P0A9X4,77
Q09666,2055
E7EVA0,758
P0A823,62
P78527,881
P23843,220
YEL031W,84
P75863,132
P42632,647
P0A853,270
O75746,112
Q09666,858
Q99PL5,359
P13639,400
Q9Y6N5,344
P06149,560
P67910,199
I6XH47,414
S8ERT6,97
P31939,108
I6XBR5,95
E0CYV0,38
S8EWS1,374
P02656,80
YPL231W,1585
A3KMH1,641
Q9CWS0,106
P05455,185
YMR012W,950
YML086C,291
P21513,257
Q9CQ75,98
Q86UP2,806
Q9BXW7,124
P28665,481
P42616,76
P53004,210
Q9BUQ0,238
I6YBX7,681
P49419,452
P15977,662
P23381,41
YDL058W,1324
P18775,156
Q99K28-2,372
P0A9K7,78
Q8WVY7,60
P25688,298
P00864,150
Q64459,379
Q9BSH4,198
P14685,190
Q9P2J5,1154
P43672,457
P07724,376
O95139,59
Q9D020,40
YGR285C,274
Q9WU79,109
YBR020W,501
YGL167C,626
YKL182W,544
P49321-3,723
Q99PL5,691
Q9BUQ0,444
P36938,30
YHR179W,339
S8FFS7,850
YNL084C,300
P17115,305
P23843,284
E9QJW0,116
V4YRX3,372
S8FZE9,242
Q09666,1082
P76270,63
P00895,254
Q09666,2493
P61922,388
Q3UER8,298
YGR118W,5
P76403,316
YKL182W,721
Q09666,5812
YIR006C,237
P16331,371
YNL121C,95
P54577,242
Q09666,1770
O95202,658
YJL080C,899
Q91ZA3,79
P0AAQ6,2
P0AEE5,312
YHR208W,342
Q9WV32,289
P38489,14
Q99P30-2,76
A5YKM2,385
E7ENR4,35
15610406,513
P18775,783
B4DFQ6,487
Q08J23,441
P01027,408
O06376,132
P00329,20
Q14019,118
Q14315,1014
Q91ZU6-4,7175
YKL196C,131
I6X558,34
Q14964,60
P13995,288
15609586,383
P62750,50
Q9UHD1,306
YBR079C,308
P0AEI4,427
YBL047C,585
I6X8C4,134
P47897,254
YER069W,601
Q9WV32,308
P17812,490
O75531,33
V5AY44,6318
YBR018C,162
YPR033C,207
S8EYC0,205
I6X0G4,436
O95139,24
Q6NS59,675
P00960,157
YPL231W,1826
D3Z041,217
Q99873,202
YGL202W,500
P07954,213
Q7TQ48,794
O14874,323
Q9BSH4,244
P0AES6,433
F6Q8D3,252
P0ABD5,306
Q8R0N6,206
P55264,11
A4D1E9,11
Q07065,78
P35914,111
V4YZ90,680
P06959,313
Q09666,3655
Q8C0S4,1226
Q9BXJ9,95
P11725,64
YML128C,389
S7UM11,245
P22525,270
P02545,341
Q8K370,709
O14548,4
P10649,152
P08243,203
Q5T4U5,26
P35520-2,269
P19338,96
P30153,34
Q00839,543
P0A6H5,63
YNL248C,245
P63208,56
S8EPG6,10
P00579,264
Q9NPG3,550
E7EVA0,1034
P00338-3,334
Q9D273,55
Q13423,956
O53673,67
P55809,451
Q9H5Q4,66
Q8VDQ1,116
YOR007C,23
O75746,100
Q6WCQ1-2,738
YLR301W,100
P47897,736
YDR172W,349
Q08J23,508
Q96EY7,165
YMR099C,153
S8GEX2,235
P71847,109
Q91YT0,329
YDL058W,1171
I6XU56,361
Q6P5E4,302
YDL058W,888
P40939,742
YGL167C,147
Q9D273,233
Q13098-7,298
P0AFB8,67
P0AF08,300
I6XDR2,334
F6Q8D3,506
Q64459,330
P0AES4,65
YER138C,1265
P40939,94
P36578,140
L7N670,232
Q3U111,291
YMR125W,666
Q8BL66,202
E7EVA0,1917
P10649,124
Q8K2Y7,184
Q3UPL0,1166
P30153,472
Q8VE38,210
YIL053W,130
Q8VDQ1,320
V4Z7M7,122
A2A274,725
P77781,47
YOR375C,420
P17563,437
P49721,185
S8EPG6,188
P0AAC0,36
YNL121C,446
Q09666,1184
P30177,107
Q5SZL2-4,646
I6X4M7,818
P0AFL6,268
P49321-3,731
P50172,5
YGL202W,210
I6XI52,210
P30178,190
Q6NS59,441
Q15031,183
Q7TMF3,107
P27128,302
YNL121C,63
P25205,57
YGR280C,178
Q9NVV4-2,585
YER122C,342
P10408,448
YOR153W,272
V4ZAA9,788
I6YBX7,345
YBR286W,509
O95816,154
YML086C,240
YML072C,1522
P22314,806
I6XXR6,16
Q09666,2101
Q9QXF8,123
S8G630,853
YJL148W,187
P61221,590
P25666,170
Q5SXR6,371
YML074C,336
I6YHD6,168
S8EUM4,238
V4ZQL8,346
P18206,666
Q5SXR6,104
P51175,136
P78527,163
P71988,487
P07814,782
P46940,1562
Q01082,1052
YOL040C,35
P0C7P0,101
O50435,586
Q3UWB9,103
YOR326W,175
P30125,235
Q09666,2349
I6YCH4,125
O43290,749
Q09666,341
YPR125W,209
Q3V125,419
Q13423,294
I6XXA2,682
Q544X6,112
O35386,168
P30038,233
Q9D6Y9,68
I6YC43,33
YAL035W,106
Q9NVA2-2,205
P40120,223
YPR041W,178
P0ACP7,83
YDR083W,85
Q6P1B1,319
YOR153W,132
O95202,434
Q969Z0,501
Q5RKZ7,327
YLR060W,497
Q9NPJ3,13
P17315,628
P0ADT5,15
I6YB64,286
I6XF68,131
P15977,602
O08795-2,191
I6YDG0,31
Q9QXD1,468
Q07065,270
P55264,118
Q9P2J5,1155
P76268,18
P59017,309
P16949,29
YMR105C,17
P31939,524
P09960,225
Q02543,143
P15977,518
P10606,68
P0AFK0,153
P35585,237
P78527,1422
A2ASZ8-3,204
P33920,243
P30040,258
P62241,53
YMR012W,301
Q16795,137
O94826,126
15608372,206
Q9CWK0,141
Q8TCS8,55
YLR150W,34
Q16134,287
Q9BXJ9,169
Q8NC51,76
P25205,289
S8ERT6,386
Q14315,394
P40120,323
P0ACY3,485
YOR184W,141
P37689,167
S8GDT8,313
P17115,52
O95363,401
F6Q8D3,432
F8VTL3,842
P77781,103
Q09666,3553
V4ZFC8,230
P52647,387
O75608,90
P08956,390
YLR150W,171
Q6GQT9,223
P50990,270
Q99N96,285
P36672,46
P78527,2445
B7ZCJ1,1736
S8FFS7,21
Q921K2,338
Q8VDM4,389
O65936,276
YMR290C,327
15610933,273
Q921K2,141
Q921X9,289
Q02790,266
Q01082,1048
I6Y4Q3,180
P39023,394
YBR020W,82
O08601-2,537
P77318,95
P0A9A6,329
P0ACP1,313
C9JSL2,561
Q9CXD6,272
YHR179W,394
P0AC92,27
P28331,420
V4Z7M7,188
P0A6D0,12
Q5RKZ7,121
S7UKW3,316
Q9NPG3,442
YOL077C,13
Q1JSY0,116
YIR006C,351
P78527,2703
P14866,527
P46837,108
YGL167C,285
I6YDA2,39
O53406,498
S8FZC8,20
Q9UHB6-4,21
P24539,238
P52643,251
Q7L0Y3,131
Q12904-2,81
S8F029,249
P60906,65
Q3UPL0,281
Q921K2,182
S8EZA4,104
P22314,923
P18390,103
P14175,319
I6Y4Q3,41
P35268,67
YLR216C,232
YDL181W,72
S7UWA6,304
O43290,54
P62424,121
P76502,156
P0AA16,85
YGL022W,184
P31069,306
YML128C,255
P39401,385
P0A6R3,93
P00805,51
YOL058W,120
P0A8F0,147
YGL200C,39
I6YB66,790
Q3V117,321
YOR230W,265
Q91ZU6-4,7021
I6YC43,140
YLL026W,481
YDR299W,287
Q5U5I3,120
Q00839,516
Q96EY7,539
YOR091W,21
P00452,575
P32157,122
Q6P2Q9,1222
YMR012W,950
YOL077C,291
E9QPX3,58
P42126,255
P00582,600
P35340,62
E9PDR7,130
Q9WV68,106
YPR183W,81
Q09666,3997
Q9NTJ3,153
P26646,52
P76658,436
P28331,471
P07724,88
P21169,268
I6XD29,40
Q5SWU9-2,511
YLR175W,54
YPL231W,1763
Q09666,3476
YGL105W,172
P27824,398
B7ZCJ1,1735
Q91ZU6-4,4433
P02545,123
P39838,845
P29966,87
Q6WCQ1-2,157
O00411,669
P38117,176
F8WGL3,34
Q91ZA3,509
P30750,44
F8VPN4,1077
Q07065,388
15609709,394
P04425,153
I6Y628,1166
YLR109W,32
YDL058W,726
Q15149,4609
P07910,288
P20966,457
P0AC59,126
Q8VE38,78
P0ACJ8,58
YBR079C,638
P05455,74
P08243,107
P30038,495
Q91ZU6-4,5716
P96381,169
Q9CWK0,94
O94826,543
YHR146W,462
V4ZBR1,347
YDL126C,399
Q9UBT2,447
YLL018C,145
S8EWL8,78
O75746,112
O06417,431
YBR025C,78
Q8BW75,302
YHR010W,69
P40261,99
P0A7D4,367
Q5T4U5,208
Q91ZU6-4,4208
Q8K0E8,229
I6X7B7,41
P0AFF6,3
P07900-2,541
YBL047C,647
YGL009C,78
P0ABJ9,323
A6H5Y3,913
I6X2F8,156
P27245,61
P40261,136
I6YCV1,250
P55809,293
P54577,190
Q07020,19
I6X149,88
Q01082,974
P0AFC7,21
P21499,635
Q8CI78,65
P60546,17
P61922,60
Q9BXJ9,613
S8F1V7,256
V5BCJ1,489
E9Q5L3,402
P02943,7
P21169,196
P09323,532
P24456,248
YER094C,70
P0A8I3,182
Q47702,117
YOR243C,229
Q99MN9,416
P80313,10
P31806,7
P52061,167
Q14315,1839
YML070W,211
Q01082,1991
P61978-2,411
P14685,178
Q6GQT9,847
Q08211,152
P20042,86
P0AEI4,228
P12956,129
YGL026C,563
O53346,159
P0AAQ6,76
Q8R086,20
YJL130C,880
P46837,620
P0A7Y4,3
YML128C,408
P53621-2,764
Q92616,430
P17115,125
Q7L0Y3,149
S8FE12,157
Q3V117,1080
I6X7R6,4
S8G7L7,314
V5AY44,6704
YPR033C,271
Q99N96,69
P42616,72
YGR094W,549
P41250,158
P36649,485
YLR389C,589
Q08211,755
Q9D1B9,106
Q9CWK8,151
P76550,265
Q8BL66,818
P30864,39
Q9NTJ3,405
YML072C,406
Q8CI78,341
P08244,35
Q3TJM2,349
YLR113W,214
YOR310C,67
Q15084-2,489
O06592,83
Q3V117,471
A2ASZ8-3,125
O35386,218
Q14315,573
YDL126C,726
P05824,352
Q09666,1854
P22102,156
P97742,580
S8EYC0,274
YGR280C,260
P06748,215
Q8C243,166
S8G630,313
P14866,59
P51659,707
E9PAV3,2007
P36938,544
YJL130C,1831
Q16891,726
S8F993,673
P51175,404
P47911,168
P35585,302
V4YQK1,1126
Q9NVV4-2,76
YPL231W,223
P39748,24
YDL095W,103
P64483,35
YLL026W,489
E7ENR4,175
YBR009C,78
P05458,224
YDR299W,265
Q91W43,131
Q15149,1659
Q3UWB9,11
P07814,844
P61254,134
P56262,269
YMR083W,251
A2A274,630
Q8R0N6,463
Q91ZU6-4,4295
Q9Y2D0,127
Q9CXD6,247
Q9WUR2,351
O53673,67
YAL035W,268
P63208,22
Q86UP2,208
Q99KR3,285
P21179,626
P47897,394
S8ER81,325
S8GEX2,250
Q91YT0,417
Q9NTJ3,1097
YPR163C,9
Q3V117,1012
P39019,122
I6X0T7,267
E7EVA0,394
P39401,350
P54886,662
Q9Y6N5,200
V5AY44,430
YDR023W,351
P0A9Q7,553
YIL041W,173
E9Q1Q9,179
Q1KSF3,69
P0AES6,592
YDL185W,619
V5AY44,1542
Q8K370,334
P50295,278
P50295,18
Q86UP2,908
Q8R5F7,589
Q8R5F7,689
I6YH72,164
D3Z041,193
YDR381W,209
Q8TCS8,718
P26231,627
F8VPN4,415
P52106,18
YJL041W,313
O05866,127
YOR332W,163
O43290,302
P0ADY7,14
Q53R41,153
P71737,90
YMR072W,125
YOR326W,56
P36938,516
P39401,136
P00329,134
Q9D1M0,192
P11880,200
P23522,197
P0AEC3,322
YCR084C,247
Q9NWU1,368
Q12797,37
I6Y8X3,63
P31224,195
Q3UER8,346
Q99PL5,330
P12995,274
P38117,59
Q6WCQ1-2,924
YNL079C,28
YGL099W,597
Q3UER8,381
Q8C0S4,350
Q07065,332
YGL099W,223
Q02788,166
Q9DC71,166
P05824,548
P61086,61
I6Y9K2,240
P0AES4,479
YBR143C,282
Q14315,162
A6NG51,871
I6YBX7,27
Q3UWB9,51
Q9NWU1,82
P25745,175
Q6P2Q9,1618
P36776,290
P0AG44,78
Q9NPG3,156
P17751,210
Q14978-2,77
E7EVA0,1767
F8VTL3,808
O00411,55
S8EZQ9,1154
P0AEG6,163
F8VTL3,78
I6YH72,159
P18124,53
Q6WCQ1-2,1037
I6Y3N4,410
Q9NPG3,427
O06218,188
S7UNU2,325
Q61176,68
P00452,149
Q91YW3,416
YIR006C,705
P52565,127
E7ENR4,627
P63389,116
V4YQK1,803
P83731,144
YBR019C,685
P36548,232
Q9BY32,56
Q14315,1073
O95139,93
P61221,126
P0A917,71
Q14315,1910
P53007,245
Q8TCS8,601
YGL026C,284
O05773,247
P0A6C8,217
Q91ZU6-4,5818
Q9CYR0,137
P19338,294
P0AGC3,125
I6X9L2,26
F8VPN4,511
P23193,18
YER138C,644
P22314,125
I6X0T7,264
P28838,353
Q91ZU6-4,3562
Q9Y2R9,223
P55884-2,366
P05388,134
YLR044C,366
P0A6P7,74
P09151,411
Q3UER8,110
Q8BH95,43
YOR361C,108
Q14315,2630
YJR123W,107
YCL043C,461
Q92616,831
P19338,230
S8G527,684
P24232,84
YDR129C,610
q0065,282
P0AFC7,204
P0AC59,2
P18859,94
Q09666,642
Q14315,901
YDL124W,30
C9JSL2,278
P08243,354
Q09666,4025
P0A6A3,224
P0A7Y4,117
A6NG51,670
YDR129C,82
I6Y4J0,173
P45523,257
Q99J08,66
F8VTL3,981
I6YD25,450
P61221,165
P0AAR3,57
Q3V125,668
Q9D273,234
YOR211C,534
Q99PL5,1578
V5AY44,5036
P30042,94
Q3TL44,542
Q47147,62
P76027,62
C9JSL2,911
P62241,139
P56135,86
P49755,213
Q9ET01,681
Q9QXD1,680
P82675,112
G3UZM1,2425
Q15031,681
Q8C243,182
Q01581,387
YNR054C,110
Q9NVA2-2,376
S7V2T0,56
P25666,160
I6Y5E8,291
Q09666,4898
P53808,213
O53666,148
Q8BL66,743
I6XBZ1,367
Q91ZU6-4,3933
P0A8V2,1028
P14094,303
P64534,4
YOR361C,108
P20042,64
Q16795,163
Q9UHG3,62
O69687,284
P04425,153
YKL182W,254
Q9HCC0,289
P55209,32
S8EWP8,804
Q14697-2,481
P31939,195
P0AFH8,85
Q9NTJ3,556
I6XWI3,181
P77754,70
E7EVA0,1547
F8VTL3,145
P0AED0,17
YDR299W,64
P0A6H5,298
Q86UP2,1173
O75947,5
P40120,223
YHR183W,330
V4YZB2,1073
Q8R2P8,520
Q91ZU6-4,3853
Q5SZL2-4,362
S8F993,1158
Q3UPL0,435
P0ABZ6,86
G3UZM1,1922
YML072C,873
A2ASZ8-3,469
YJL149W,386
I6Y8F0,166
S8F3R8,45
P39286,3
P24255,327
V4ZKE2,731
P33602,311
YLR075W,121
P0AG44,99
O95202,446
P0AEC3,464
Q6P2Q9,278
P76116,333
YLL018C,180
P32969,2
P0ADV1,146
P23368,300
P69797,132
YOR361C,306
B7ZCJ1,1093
P06959,262
P30871,191
Q9CWK0,103
YPR036W,388
Q9NWU1,182
Q09666,3330
YOR198C,373
Q5SWU9-2,447
S8F993,870
YER069W,618
P00338-3,274
V5AY44,1759
Q09666,1336
YOL058W,412
P37751,244
P53621-2,1091
YOR153W,379
I6XDR7,141
YJL041W,190
P0ADY1,472
Q9NQH7,142
V4YZ90,473
YBR026C,197
Q99PL5,310
P23917,180
YOR091W,175
Q5SZL2-4,476
Q5SWU9-2,572
I6X2F8,156
I6YCV1,363
Q9QXF8,213
YLR244C,311
P37773,198
YER069W,423
S7UKW3,281
Q15631,199
YGL202W,231
Q6P2Q9,1131
P0A8X0,103
O95347,4
V4Z7M7,931
P41250,559
I6Y5E8,108
F8VTL3,644
A6H5Y3,264
P55096,253
Q15149,1528
I6XXN3,473
YOL077C,198
I6XC17,251
A6NG51,1812
P22234,30
P23246,559
Q14315,2202
V5AY44,1440
S8GEX2,181
Q9Y2Z4,209
Q01082,1532
P78527,2913
P0AG59,12
Q8WXC9,220
Q99K67,564
S7URQ8,402
P18124,53
YCL057W,592
Q91ZU6-4,6881
P35492,298
Q9CQN7,69
Q99K28-2,299
P06744,128
P0ADR6,3
YGL099W,8
P18206,1038
P00864,274
YDL124W,150
S8ESF8,189
P47897,394
B7ZCJ1,1426
P0A6L0,254
YJL130C,1097
YHR183W,182
G3UZM1,327
I6X6P9,119
YKL182W,975
YDL140C,49
P41252,98
YER025W,401
Q8BL66,405
I6XBR5,940
I6X8D2,340
S8FA49,76
Q6GQT9,668
S8F640,92
P53621-2,1128
B5MC82,157
P0AAB4,110
YNL084C,105
P21499,116
Q3UPL0,646
Q02788,189
F8VPN4,1498
YOR310C,471
O15091,582
P13995,322
P19784,72
YOR326W,1219
P0A8U0,127
O07804,87
YAL035W,147
P30040,48
P0A7D7,123
Q5T4U5,304
Q8TCS8,246
YGL022W,603
Q92616,802
Q91ZU6-4,6408
YML070W,38
O53979,48
P17315,62
P62753,230
P49327,787
YKL182W,375
P13804,59
Q9WU78-3,23
YLR335W,51
P0AEU7,23
P0AC92,21
Q09666,2831
B7ZCJ1,55
Q969Q4,174
Q61578,224
YDL058W,1386
P0A6P1,95
YHL034C,292
A6NG51,2431
Q12797,381
A2A274,602
YGL026C,121
G3UZM1,1673
YBR018C,254
O53666,574
Q8BL66,1023
P22087,143
O53611,125
P28665,1358
Q14315,349
Q15149,473
P23843,307
O95202,554
I6YC43,140
P23865,439
Q9NTJ3,998
I6XDR7,319
P64534,6
P25205,152
P00582,637
Q13825,329
P06959,410
P26231,99
Q9BW91,58
Q09666,3488
P10408,894
P42126,126
P47897,421
YBL032W,302
Q92616,1556
P35585,61
YOR285W,3
Q99N96,321
YGR280C,104
I6XFP1,524
P33599,490
P0A9D2,35
S8GHD8,357
I6Y628,816
Q15120,264
YML091C,183
A6NG51,2431
P52647,369
15607998,41
E7EUC7,133
O05293,204
P46940,1053
O15355,80
Q5SZL2-4,656
YER138C,1530
Q86UP2,51
P69831,159
Q91ZU6-4,5821
Q921K2,579
YLR248W,343
YOR153W,272
Q60759,170
P0ADE8,139
G3X982,860
Q61694,333
P0AES0,388
YJL041W,635
YOL077C,261
YER025W,449
P76034,205
P61247,128
P17563,342
P22102,107
Q9BUL8,139
P23909,850
P0A7V8,121
P07814,36
P0ADZ0,68
Q99J08,321
S8F993,1184
P46837,772
P00329,234
YNL010W,81
Q5SXR6,764
V4Z7M7,2271
P46940,1653
YMR217W,517
P0ACZ4,189
Q99PL5,51
P08956,288
O94826,600
P49327,2471
Q9BSH4,219
Q921S7,64
YLR248W,592
P25205,791
F8WIK2,810
S8F1V7,5
P02943,250
Q9UHG3,440
YNR051C,180
YDL058W,1123
E9PAV3,1252
Q921J2,45
Q8NCW5,148
S8GB71,19
Q3UNX5-2,515
P78527,95
YNL248C,210
Q13243,226
O95373,724
YDR513W,107
P01891,267
Q8WV44,273
Q9NTJ3,963
S8EWP8,293
P0A823,108
Q14978-2,458
YJL080C,1077
P43897-2,103
Q3V125,265
Q00839,270
Q53R41,828
P0ABF1,218
15607616,167
P26231,417
V4Z7M7,1864
I6X5K1,240
YBR025C,351
D3Z1M3,203
O75947,123
S8GHD8,278
P35492,451
P15559,210
Q99JY0,42
V4Z7M7,2271
15609709,591
Q91ZA3,223
P0A6I3,303
P10515,641
Q86UP2,450
YJR064W,185
P61887,2
P23368,183
V4Z729,90
YKR065C,180
15610950,83
Q9NTJ3,341
E9PAV3,1261
O00232,15
Q15631,203
YOL123W,181
YLL018C,295
YJL041W,579
Q86UP2,801
YJL026W,45
O06803,142
Q99PL5,471
P77318,188
YIL075C,680
Q14315,1254
Q9R1J0,333
P69924,285
O76003,294
Q09666,1545
YDL140C,101
V4Z7M7,1120
P49902,140
Q1JSY0,5
Q53R41,3
G8JLB6,73
S7UWA6,1059
YNL248C,402
Q61176,6
YJR064W,72
A3KMH1,1232
YJL149W,131
YPL231W,742
O14874,245
I6X8D2,728
P26641,220
P78527,3508
YBR079C,889
Q00839,637
Q91ZU6-4,1052
O75396,43
YJL080C,1130
S8GKI2,108
P28635,151
S8FFS7,536
P00579,264
Q9D9V3,316
15608112,110
P02925,84
YER178W,273
YER138C,1709
F8WIK2,669
P0A9Q7,889
YER122C,244
I6Y721,749
YML086C,294
P22087,131
O15212,122
YIL053W,207
E9PAV3,1444
P27240,74
S8F952,1516
I6WZT2,452
P33937,314
P09496,136
Q13423,471
P14685,400
V5AY44,7127
V4YZB2,365
YLR355C,165
P14152,239
Q16891,130
O06574,112
E7ENR4,659
O43290,302
YML072C,417
YBR026C,202
V4ZQL8,490
V4Z7M7,2570
P80313,157
P76116,338
P07954,115
P41227,29
P75876,222
O53749,123
YLR335W,638
Q52KE7,492
P0A7G2,3
I6YH72,164
Q3TJM2,409
D3Z041,240
P11880,410
YGL009C,746
Q3V117,1080
P43034,88
Q9QXE0,341
Q08211,1074
E9PAV3,128
YGR285C,351
YBR020W,239
Q8K370,114
P76372,176
Q9JI90,382
Q53R41,291
P24171,451
YMR012W,312
P45880-1,100
Q99PL5,1592
V5BMY4,214
S7UWA6,1119
P11349,140
O94826,300
I6Y4Q3,122
P30864,2
O95347,312
YBR127C,89
I6XVU7,154
P25205,724
P49755,94
V4Z7G3,912
YHR146W,129
Q9BXJ9,649
YER138C,1503
YML091C,549
YGL103W,86
Q09666,1635
Q99JB2,252
P05458,652
P69924,71
15610406,391
P00452,204
P33920,284
P30038,318
YGL022W,135
O95363,244
YMR083W,362
P60716,12
P28838,476
P17812,452
Q96GC5,130
I6X9L2,140
V5AY44,960
P36683,165
P22695,21
F8VPN4,101
Q8R5F7,887
Q91ZU6-4,6680
P04949,321
P0AEC3,283
Q09666,2257
Q9NPG3,235
Q9ET01,316
Q9DBN5,710
E7EVA0,2051
P24255,280
P0A8A4,265
P0AAJ8,134
YOR164C,125
P45523,69
O07256,10
YPL231W,1856
P18124,35
YLR389C,227
P82650,92
Q16854,233
Q5SWU9-2,82
Q8WXC9,7
P0AAB4,110
YMR318C,312
P18206,381
P0A715,259
Q3V125,467
Q8K0E8,198
YKL176C,759
P77252,118
P52647,307
P02545,90
P62979,82
YIR006C,606
Q3UPL0,619
P83731,119
P35492,112
YLR335W,635
P0AGD7,271
P04080,33
YER110C,434
Q08211,236
YLR389C,666
Q9BTT0,99
P32132,59
YHR183W,93
Q99623,253
P42704,398
YGL103W,10
YER074W,123
P0AFM6,55
Q91ZU6-4,997
P0AFK0,336
V5BCJ1,261
O95347,1105
P0AF20,51
Q9HCC0,269
P37177,228
I6YCS0,393
A6NG51,485
YOL040C,9
P28331,607
I6YEL0,187
Q6P5E4,1499
P21156,120
Q01082,355
P78067,41
A6H5Y3,51
P46940,1516
Q8R404,102
Q99J39,58
O95347,1079
P32162,2
Q8BPD5,227
YAL035W,134
YGL026C,520
S8F1V7,242
YDR023W,44
P42704,1176
P54577,346
YKL182W,1998
I6X3I6,353
Q9HB71,33
P60595,191
P27240,188
P01027,177
Q9D6Y9,116
P38489,119
YDL140C,372
Q3UWB9,537
P24203,168
O95347,183
I6Y4Q0,1494
P17563,20
S8FE12,56
P41250,477
P0A6P7,188
P0A7G6,298
P24456,149
P39371,54
Q96EY7,167
P02545,597
Q09666,2168
YER177W,74
B7Z6Z4,59
P01027,1644
YOL109W,102
G3UZM1,1285
P22234,246
P76558,56
P37760,270
Q9UHB6-4,704
YKL120W,286
15609541,597
P33599,203
P0A7F3,60
Q9UHB6-4,522
A6NG51,81
P23865,477
P45523,269
Q9HC21,231
P62424,110
P0ACS7,296
P05459,367
Q6P2Q9,916
YMR290C,87
YOR265W,59
YER091C,155
P01027,1360
YGR118W,5
P00582,600
Q9WUR2,233
YOR326W,1320
P11725,153
P69910,74
P41252,110
Q14315,804
Q46915,249
I6Y778,209
P33991,600
Q9Y3D9,73
YJL130C,865
S8F1E5,129
P0A7B8,34
Q09666,802
YER138C,1448
O76021,298
I6Y721,195
S8G527,479
YGL135W,118
Q86UP2,1239
Q46829,323
P55096,38
P00558,75
P36649,370
YMR309C,723
YBR018C,254
A3KMH1,787
Q64356,99
YLR335W,199
Q9CPQ1,9
P78067,285
P10649,122
P22102,779
P0AG14,346
YDR482C,48
S7UKW3,334
I6X149,348
I6Y7H1,35
V4YQK1,71
B7Z4C8,101
YMR012W,1099
Q9BXJ9,34
Q13057-2,453
E7EVA0,1406
Q9WV32,135
YPR036W,343
YBL041W,61
P50544,601
G3X982,999
YKL182W,643
YGR254W,312
P61221,17
YNR013C,42
P0A940,218
P76594,314
YOR164C,65
YMR105C,391
YGL105W,203
YKL196C,175
O53516,130
P76108,338
Q15149,1210
Q13423,202
Q91WN4,419
Q91ZU6-4,5030
P78527,2683
S8EXD3,448
YOR206W,86
Q9DBN5,138
YPR191W,182
P97872,418
S8F952,995
A6H5Y3,859
Q9D9V3,60
O33268,868
Q8BGL3,147
I6X9L2,144
Q9H4B0,389
P18124,199
P0AF08,67
YOR310C,489
YDL185W,898
YER023W,26
S8F993,315
Q07065,272
P61887,160
P31069,86
P14152,236
YDR190C,276
Q5SXR6,102
O00232,349
YOR211C,593
O09172,90
P12004,254
P0ADS6,63
O95831,194
Q91ZU6-4,5585
15607573,88
YOR310C,185
YDR190C,432
Q3U3R4,540
P09543,101
P37648,378
YML086C,171
Q99598,52
YOR361C,190
Q8BL66,733
P28331,592
YOR310C,16
Q99PL5,1384
B5MC82,157
P03018,35
S8EWS1,249
YML086C,291
P22314,889
YML074C,353
P22234,47
P0AG59,23
P0ABF1,50
YKL120W,164
O43175,308
YPR033C,527
P08956,373
P0ADG4,162
P50396,54
E9Q035,37
Q50631,489
P07724,223
YDR381W,17
Q15031,630
Q99K28-2,105
P37751,343
P77318,299
V4YZB2,196
P0A8I3,200
Q86UP2,85
Q9QXE0,569
Q91ZU6-4,2451
P0ADR8,401
Q14978-2,261
Q5T4U5,176
YOR027W,108
YMR062C,112
P40939,230
YIR006C,569
P78527,3235
P07023,178
YML072C,873
15607607,150
B7WPD3,11
YJR065C,275
S8EWP8,311
YGL167C,274
B4DT31,421
YGL026C,452
P0AC59,125
P12956,544
Q9NTJ3,855
YHR179W,339
P69797,305
YJL130C,252
YBR026C,313
P13667,437
Q6GQT9,53
Q09666,4651
S8GJQ9,357
P63235,334
P49753,345
Q86UP2,1035
YOR326W,537
YOR332W,227
P07024,30
P41252,443
P00864,546
P36649,174
P46940,965
Q09666,1322
YBL041W,101
P28665,435
P08957,73
P50396,115
YGR094W,3
Q99MZ7,299
P00864,426
Q86UP2,30
P0AEX9,226
Q16658,43
Q91ZU6-4,4196
I6YDA2,346
P37773,250
YLR089C,521
Q61694,333
Q9BXJ9,598
P76507,209
Q99PL5,310
V4Z7G3,480
Q8K0E8,148
P0A6R3,93
P60546,17
P0AG59,76
P12281,318
Q9BXJ9,386
P0ACG1,32
Q9BXJ9,278
YNL084C,167
Q09666,1911
Q9NR30,131
Q5SWU9-2,2199
I6YB44,214
P0A9A6,66
F8WIK2,809
P54577,506
P60560,329
Q07666,152
P00579,462
P28665,1186
YJR123W,41
YOR153W,1016
Q15149,4428
Q9UBT2,623
P23381,371
A6NG51,39
Q8N0X4,104
Q9UHB6-4,469
P78527,3050
I6YEC9,259
P32969,65
P76010,238
A2A274,725
D3Z1M3,196
P76243,87
P26368,431
P40939,166
P18206,1024
P54577,154
P10408,475
P01027,1290
I6YCN6,928
P61978-2,63
YGL020C,210
Q9JI90,96
I6XXN3,356
O15479,287
Q8R5F7,324
P06992,84
P55264,273
P76268,75
P53621-2,834
P0AES6,648
P21499,753
O53516,130
Q15149,1165
P19338,708
A6NG51,335
YIL075C,316
O95202,560
P18859,105
Q16822,108
YGL099W,4
S8ERT6,80
15609541,115
I6WZG9,313
P67660,83
YOR164C,25
P46852,60
P30038,552
Q14315,823
YGR280C,215
Q09666,1663
V4Z2A1,731
P02545,378
P0A7Z0,219
YLR150W,220
Q9HCC0,289
A2A7A7,45
YPL226W,322
P25666,94
Q9H5Q4,386
Q6P2Q9,746
P55145,138
P0A6A3,300
P78527,2503
Q91ZU6-4,5731
P78527,518
Q15084-2,188
I6XF31,116
Q15631,78
E9PDR7,118
15610988,40
B7ZCJ1,1784
P95186,126
P64588,22
P52272,692
YOR211C,416
YPL131W,262
Q53R41,691
YOL058W,280
YMR290C,163
Q14697-2,204
YER138C,957
Q3TL44,754
P54577,190
P71738,35
Q6NS59,478
P20042,201
YOR310C,100
P82675,112
YNL138W,462
Q7L2H7,358
P21170,484
P35505,29
P17117,68
Q9CWK0,160
Q8C0S4,220
YML072C,86
P07814,1326
P05455,174
YLL026W,741
P69831,27
P33219,3
Q15084-2,154
P39356,46
YBL064C,259
Q9P2J5,970
P25524,93
O95347,438
P22307,491
P62829,35
Q14697-2,239
Q13825,211
YDL140C,403
G5E889,117
YML072C,995
P31224,502
P0ABI8,454
B7Z4C8,91
P95227,395
Q9BUL8,165
YCR088W,175
I6XF68,131
Q9QZ85,63
F5H189,60
YOL123W,278
Q15717,171
Q09666,1405
Q6P5E4,356
YOR270C,78
P39286,320
Q91XH5,241
Q9HC36,196
15609033,149
P24232,84
P15559,61
P96273,244
P0AF20,298
P38104,99
Q9JIY7,135
P77748,283
Q543K9,173
G3X9T7,316
P62424,26
Q09666,1111
Q6P2Q9,2031
Q9P0P8,178
O76003,260
Q91YP0,335
S8F1V7,85
P76372,126
P77748,785
P06987,282
YLL026W,678
Q8BW75,302
P0AAJ8,78
I6X3I6,133
P39325,135
YPR028W,80
YDL140C,15
Q00059,76
Q91WN4,138
Q91ZU6-4,4864
Q15149,581
Q9P2J5,466
Q09666,4506
YER122C,333
Q921K2,426
YOR027W,99
P22525,134
B1ATI0,413
E7ENR4,464
P25666,69
Q86UP2,55
Q91WN4,47
I6YCS0,393
Q9P2J5,699
P13639,309
YKL104C,542
Q15070,212
P43897-2,96
P33991,220
P05793,348
E7EVA0,1761
S8EZV2,226
P0AF08,67
P31949,36
P23538,445
Q6WCQ1-2,924
YDR129C,474
P60560,38
G3X9F8,226
P0ABZ6,27
Q02788,297
Q9JKR6,428
YMR318C,6
O06417,59
V5AY44,563
P14685,265
E7ENR4,855
P0A6I3,246
Q09666,3803
V5AY44,4329
Q5RKZ7,327
YHR064C,410
P06748,206
Q9EQ06,108
B4DT31,239
P0AFM6,74
A3KMH1,128
YBR019C,438
Q15149,1186
O06554,64
S8GCY4,126
YDL160C,239
YCL057W,70
Q5SWU9-2,1113
YDL126C,706
YJL041W,522
YDR427W,72
YHR064C,443
YMR105C,409
V4Z7M7,1823
P09323,365
S8FFS7,548
Q8C0S4,571
Q52L67,278
YMR099C,254
P26368,90
Q7L8L6,57
P52272,92
V4Z4E7,1608
P0AAB4,90
P18206,417
P0AE39,74
P19338,388
Q99PL5,1214
I6X8H2,125
B7ZCJ1,392
Q9NR30,131
Q15031,159
YCL057W,377
P0AEZ3,33
P06149,405
YAL035W,216
I6Y973,396
O94925,255
P0A940,5
V4ZBR1,203
I6X558,197
P25789,205
E0CYV0,279
P08195-4,248
Q6NS59,1434
Q8K2C6,187
P0AF50,113
Q9DC71,104
P26373,200
Q01082,1884
P0A6H1,330
E9PAV3,2042
Q921S7,413
E9PRY8,126
P27824,182
YJL149W,431
Q9UHD1,306
P0A991,208
E7ENR4,211
P35505,29
Q9NVV4-2,685
I6YDP0,259
P78527,2908
P0A7D4,186
YHR064C,409
P0ADY1,500
P0AES0,280
I6YCS0,296
Q61733,332
YDL058W,884
Q6P5E4,1427
Q6P2Q9,1683
YKL182W,2009
YBL047C,765
YPL231W,105
P51174,165
YOL077C,200
YDL140C,1039
Q86UP2,59
P39023,176
P49327,1866
Q91ZU6-4,5875
YOR310C,37
YGR280C,217
YBR106W,150
P10384,421
Q9DC71,166
Q5SXR6,1520
Q8R404,119
P30136,60
Q9BSH4,115
YBR019C,561
P46940,823
P30178,299
Q9NR30,559
P05388,92
P05194,147
Q6UB35,221
Q14019,118
Q8R5F7,48
I6X5Y3,166
V5AY44,226
Q8BH95,241
Q8NC51,299
P18206,1043
Q09666,1716
YOR198C,56
P06744,172
P00582,637
Q8VDM4,902
P0AES4,671
YDL058W,1763
Q91ZU6-4,3484
P0AEP3,302
A6NG51,418
YBR143C,235
YJL130C,635
P67809,301
Q9WU79,546
P0AFD6,83
P0A6D0,142
YBL027W,180
YNR051C,272
P24215,342
P29966,11
P00579,324
P55209,381
P31554,120
YDR513W,79
B9QE96,791
YHR010W,6
YBL092W,12
P53621-2,492
I6YD14,78
Q9BQP7,333
YML072C,143
G3UZM1,1692
YJR064W,48
Q52KE7,357
P22307,442
Q9NPG3,700
YLR216C,250
I6Y678,21
A6NG51,1252
YBR111C,89
P22102,777
P63000-2,172
YHL015W,88
Q9UQ80,344
YMR217W,495
q0065,361
I6XBY8,159
YHR183W,330
YNR030W,486
S8GDD7,61
Q13057-2,408
Q13098-7,194
Q9NTJ3,424
P28306,2
Q9BUQ0,373
YGL026C,384
E9PRY8,475
S8ERA1,18
Q9H2U2-2,151
P16331,371
YDL058W,1704
O75821,212
Q9JI90,27
YNR051C,473
G3UZM1,1011
P0AEZ3,110
P0A853,283
P0AFU8,11
Q921K2,787
YLR335W,327
B7ZCJ1,475
Q91ZU6-4,4294
S8EZA4,246
YDR083W,27
I6WZG9,58
Q5SWU9-2,280
E9PAV3,1445
P25789,187
Q8CC13,5
P32320,119
P0A9Q7,886
S8G527,742
P15559,262
P01891,145
P21338,265
P0C8J6,273
P36683,77
P0A6A3,268
P07900-2,686
P78527,3849
Q91ZU6-4,3494
I6X6Q9,142
Q52L67,109
YBR069C,490
YPL222W,542
S7UWA6,1118
A6NG51,2254
P77754,3
V5BCJ1,533
P0A7D7,208
P49753,308
P09429,55
YBL030C,19
YGL026C,237
Q91ZU6-4,5523
P00338-3,161
S8GCU3,456
O53346,242
Q3SY69,690
Q08J23,356
YDL140C,620
Q09666,912
Q61176,223
Q9UHB6-4,292
O95202,128
YHR137W,68
V4Z4E7,1143
Q8BL66,634
YML128C,132
Q92616,159
Q9H2U2-2,151
Q8R5F7,635
P14927,29
P45955,92
P75694,91
YOR375C,89
Q00839,573
S8ERT6,148
F6Q8D3,140
P49321-3,200
YFR044C,153
P0A8U0,178
Q99N96,59
P14094,299
P05020,103
P47911,90
YKL180W,159
Q86UP2,777
YOR027W,266
O70475,340
P61221,46
P02545,90
P0C054,73
Q3V125,492
P0A8D0,106
O00232,147
P69811,188
Q92616,2550
S8F993,824
Q15031,600
P09323,488
S8GCY4,471
G5E889,320
P36767,100
Q3UWB9,537
YLR325C,42
YOR243C,28
Q46845,10
P0AA43,130
YOR310C,43
Q8C0S4,598
V4ZKE2,583
P14685,36
YGR094W,111
Q921K2,953
B7Z6Z4,172
P07363,574
YDL058W,902
Q9NR30,25
P21513,522
P37759,329
YDR083W,143
Q9P2J5,80
YGL167C,372
YBR127C,14
O14979,224
Q00688,89
P46940,94
YML128C,186
P0C8J8,406
O05866,45
Q9UHB6-4,73
Q9QZ85,274
YOR265W,81
YBR189W,100
P36548,18
P28665,513
Q9Y2D0,112
I6YCH4,38
P76558,382
Q3SY69,677
I6XDR7,172
YGR159C,140
Q02788,456
YKL080W,241
P78067,158
P76108,294
P12956,596
Q09666,1475
Q15084-2,44
YGL167C,616
P43034,32
P34914,57
YDL058W,831
S8FZC8,23
P39401,251
Q9NVA2-2,362
P83731,61
YDR172W,556
P46940,1547
YPR125W,112
I6X558,39
Q91ZU6-4,7241
P76170,7
Q46829,345
Q9CQZ5,119
Q13243,210
P95187,297
Q9BXJ9,266
P78527,2549
YBR286W,178
P0ACA7,135
P72043,255
YHR179W,22
Q9UHB6-4,668
Q9NPG3,69
P18124,127
S8EWL8,668
O43175,137
I6X6P9,215
P77318,460
P09323,532
P36683,7
V4ZQL8,566
V4Z729,112
I6X273,271
S8EPG6,383
YPR069C,248
O33268,822
Q921J2,109
Q91ZA3,55
I6XWB3,338
YDR168W,34
P09169,219
YDL058W,1163
P77735,316
YNL138W,365
P51659,702
I6YD25,159
YBL064C,100
Q78PY7,683
Q91XH5,175
YJL130C,1360
YDL058W,1730
P18206,639
P47897,309
Q92616,788
S8ERA1,68
S8EPG6,464
15608821,137
A6ZI44,269
P60560,112
S8FE12,78
Q9CQA3,80
Q15031,722
Q6P2I3,209
V4Z2A1,170
Q10713,103
Q3UWB9,534
P26231,627
P28838,345
V4Z7M7,920
P0ABS8,76
P78527,1973
YPR125W,58
P78527,681
V4YNN3,440
P08956,543
P33599,490
P67936,223
A6NG51,2269
P0AF20,324
Q9NPG3,1133
I6WY69,161
S7V2T0,99
Q8R4E6,185
P49419,500
P50454,252
YBR019C,60
Q09666,1652
I6YAI8,52
Q01581,206
Q5SZL2-4,516
Q64471,79
Q99PL5,1312
YLR003C,72
Q9D020,238
YLR089C,329
YDL055C,299
P35492,135
Q8NE86,227
Q3SY69,24
P06748,73
S8GKI2,259
S8FFS7,332
I6Y628,1122
F8VPN4,151
Q8BL66,873
YOL123W,160
YER025W,86
Q01082,832
P02925,50
P21499,86
B7ZCJ1,1427
I6Y628,172
I6Y6P5,634
P0ADT5,319
P63224,177
P0ACX3,74
P78527,3681
Q64459,330
P14866,269
V5BAB7,164
YKL120W,124
P39023,312
A3KMH1,509
O53604,64
P36938,245
P50172,253
YML086C,466
Q6P1B1,188
P95072,299
S8G630,760
Q8R5F7,589
YDR341C,510
P22314,593
YOR361C,675
Q78PY7,676
15610986,8
P0AG67,372
P18843,208
Q9BQP7,122
E7ENR4,222
YJL148W,88
Q6P5E4,959
Q9NVA2-2,185
YGL099W,126
YIL022W,221
Q5SWU9-2,1941
YOL139C,114
YER138C,394
P36673,203
O75531,6
I6WZ62,31
P22314,97
YOR270C,450
P78527,3452
P82650,258
Q8IYQ7,274
P62913,178
P75863,227
Q8R2P8,250
Q9QXE0,139
P69503,117
P36548,232
YER177W,192
P07814,849
P07724,499
S7UWA6,1558
Q09666,2780
O95363,140
YOR211C,783
F8VPN4,545
P06959,516
P21179,533
P62424,120
YMR309C,492
YNR051C,180
Q15149,2841
YOR153W,991
YNL138W,229
YDR299W,460
P39172,91
YDR427W,315
F8VTL3,543
q0065,12
I6Y4U4,419
P37648,378
P23869,60
P35520-2,398
YDR083W,24
S8F993,820
P17931,139
A3KMH1,404
Q8CGP2-2,28
YMR125W,385
P21170,484
P04247,35
P50990,439
Q921J2,45
V4YZB2,502
P76558,647
Q8TCS8,89
P21179,142
Q7L0Y3,29
P53007,190
I6XES8,312
YDL126C,726
I6X175,163
P97872,3
P60390,250
YGR280C,191
YIL022W,228
P26646,42
P0A9Q7,207
Q3UWB9,381
A6H5Y3,328
P0ACJ8,45
Q9P2J5,914
P28665,188
P27824,338
P39325,169
YHR039C-A,89
Q9NTJ3,295
YLR060W,456
Q9D273,135
YLR359W,412
Q09666,3711
Q91ZU6-4,7384
S7V2T0,130
P29401,497
Q9JHW2,130
YHR146W,129
P49327,41
Q91YQ5,107
YOR184W,290
Q91ZA3,460
P0A8G0,469
A2A7A7,331
Q91ZU6-4,7115
15607321,272
P0ADS6,159
L7N655,446
P54727,6
P03007,29
P0AES0,219
P50990,20
V4Z6Q0,288
Q9NVV4-2,132
P07814,139
P0AA39,288
P23193,71
YNL010W,102
P42632,620
YNL248C,45
Q3U3R4,92
Q15149,2463
I6Y8D8,240
YBR079C,824
YGL167C,406
YEL031W,1163
P36578,417
P0AEE1,64
I6X8F1,668
YJL080C,1079
YGL105W,298
P55809,271
P07900-2,479
YEL031W,554
P23381,220
Q91YW3,216
P03841,268
YDL055C,305
Q01082,419
Q4LDG0,497
I6Y721,194
O95202,560
P50544,265
Q99N96,52
P03018,65
Q8CGP2-2,21
S8GB71,417
P82675,272
P62424,259
Q91ZU6-4,6177
P0A8X0,74
Q91ZU6-4,4465
Q15031,722
Q01082,1622
P37802,154
Q78PY7,116
I6X4U3,131
Q10713,103
Q1JSY0,310
P78527,2009
P15977,396
P51553,159
P76116,175
S7UKW3,345
P0AES9,98
Q9D1M0,260
P23845,25
P51659,589
Q91WL5,213
YDL160C,280
D3Z041,512
P0ACY3,315
Q6WCQ1-2,174
Q92616,2366
YER074W,111
YMR307W,424
Q9HC21,200
P95187,281
P22695,66
P55884-2,254
P0A7X6,109
O75323,255
Q6P2Q9,1425
P00338-3,346
P31133,105
Q91ZU6-4,4249
P49327,2114
P0A6A3,47
P37095,242
Q13907-2,93
YNL055C,267
YDR427W,382
P33991,444
P95159,20
Q91ZU6-4,3092
P23246,57
I6Y496,152
YER074W,11
P00338-3,27
Q3SY69,886
Q9D1B9,49
P38038,90
I6Y8K0,350
YML072C,622
P11557,11
P05388,92
YLR216C,38
P24228,305
Q8BH95,43
P34914,73
P0A855,264
Q9NSE4,871
Q7L8L6,197
YGL099W,300
P52647,1156
P33937,763
P02656,80
P56192,436
P26612,238
YGL020C,223
P76549,103
P55209,381
Q91ZU6-4,5704
O95347,193
YBR026C,79
O08601-2,548
P0A9W9,134
V4Z4E7,300
P17846,215
P13667,437
P13995,185
V4ZAA9,199
V4Z2A1,593
Q02788,282
YCR088W,576
YOR265W,9
YBR249C,93
O76021,51
P95186,337
YDL058W,1417
S8F0X4,512
P08956,288
YNL084C,3
Q14978-2,357
P56192,364
YLR150W,105
YJL130C,1301
YOR326W,640
YOR310C,74
G3UZM1,459
Q99L47,236
V5AY44,7124
Q96EY7,340
P43034,92
I6YAT7,256
A2A274,258
P95229,344
P53621-2,834
YDL160C,234
A6ZI44,82
Q8WXC9,7
Q91XF0,117
YLR175W,467
YOR362C,143
P12281,341
Q8VDM4,639
I6X9L2,26
I6X2Y1,34
Q91ZU6-4,3607
P22102,805
YNR030W,486
Q7L0Y3,315
V4YNN3,109
E7EVA0,942
O00411,380
P14094,34
Q8VDM4,629
P13995,241
P37095,310
YBR019C,167
P23919,19
Q8WV44,383
P35492,21
E9PRY8,669
Q09666,4654
P20042,152
P25789,252
Q9UHG3,420
P76316,54
B4DR61,274
P82675,188
P22314,185
YNR013C,251
I6X9G4,40
F5H3A1,671
Q9DCT2,55
V4Z4E7,1202
I6X8H2,115
Q571M4,27
Q15031,630
I6Y6P5,4
YMR012W,1265
A6NG51,1246
S8EPG6,338
Q15120,264
YPR125W,108
Q91ZU6-4,1828
Q91YP0,176
YIR006C,828
Q6UB35,213
P32320,119
V4Z7G3,629
YOR153W,272
YKL077W,390
Q46829,53
Q8WVY7,126
P69797,305
YLR109W,81
P49321-3,329
P0C0V0,405
P00558,322
O09173,380
P0A9Z1,40
P77718,14
YNL084C,300
P06744,241
P46853,113
YGL105W,155
YDR190C,174
P52272,214
Q16718,30
Q10713,232
YPR036W,133
P0A9K7,108
YHR146W,408
Q6P2Q9,705
Q00796,235
YBR025C,359
P23434,96
P03841,303
P17751,70
P36673,219
P0A9A6,352
YJL130C,262
P22102,852
F8VTL3,663
Q9UHD1,134
Q96EY7,45
S8G527,576
G3X9T7,176
P78527,2549
Q91WN4,231
Q14697-2,359
YMR072W,118
YLR421C,36
E7EVA0,1327
YGR280C,260
Q4G176,342
Q8NC51,79
P25740,89
Q13423,331
Q8C3X8,348
Q13243,241
YOR310C,40
O53697,295
YLR060W,466
YLL026W,417
YHR208W,8
P54727,392
YLR216C,48
V4Z7G3,366
Q99PL5,1249
Q9D273,59
YJL080C,951
S8FZC8,73
Q9H4B0,212
YLR044C,273
Q9NVA2-2,185
P37802,154
Q7L8L6,9
P0A9F3,113
Q86UP2,324
P10518,267
YPL226W,5
S8GEX2,26
P22307,187
Q99K67,872
I6XXR6,312
YMR012W,311
P69811,343
Q96GC5,58
YDL058W,965
Q91ZU6-4,1239
S8EWL8,682
V5AY44,4948
YOR184W,265
I6Y8K0,425
P0A6H1,242
P0A7U7,76
Q8N0X4,338
V4ZQL8,625
P08195-4,288
E7EVA0,1919
P52647,547
P21964,179
V4Z7M7,2799
P63389,35
P53004,147
Q16795,237
V4Z4E7,1608
YDL058W,1757
P13639,638
YGL202W,236
F5H3A1,487
E9PAV3,1068
P23845,161
Q09666,4717
Q02252,391
Q80XN0,187
YOR027W,111
A6NG51,441
YOR361C,371
O06298,262
P95186,32
P13667,225
P07003,355
P01027,1601
P47911,73
I6YCT7,64
YBR127C,125
G3UZM1,2500
Q01082,1780
S7UXS8,85
P45579,52
Q5T4U5,208
P07913,8
S8FZE9,355
F8WIK2,665
P09543,280
YDL058W,1692
Q4LDG0,398
YHL015W,64
Q8BGL3,270
V4YV42,507
Q12797,37
P28635,151
E7EVA0,2035
P25745,7
I6XFG3,99
YOR243C,582
Q9Y3B8,216
YDL051W,241
P61289-2,110
P0AF18,290
YIR006C,712
Q3V117,355
E9QNP7,126
YPL273W,276
O94925,481
P63020,165
V4ZQL8,346
S8G7L7,341
I6X4J0,304
Q9Y305-4,147
P0A8W2,109
YDL058W,1509
YDR399W,175
P61221,344
Q8C0S4,682
I6X8H2,5
P0AFA2,3
Q61733,58
I6Y8D9,21
P09496,226
Q47702,3
O06376,4
Q96CS3,311
P46853,203
P04825,235
Q921K2,521
I6XEN6,118
P0A8T7,781
YBL041W,239
YNR030W,127
S7V2T0,377
O15479,134
P62424,212
YKL180W,46
P13639,594
P43672,289
YKL080W,122
A6NG51,662
YML128C,191
P0AES0,295
O95363,237
P37689,286
P46940,1543
Q8BL66,324
Q99P30-2,185
Q99PL5,701
P68206,16
I6Y628,501
YFR044C,357
P76104,463
Q14116,171
YER138C,1694
YMR318C,19
YKL120W,153
G3UZM1,2351
P0AEP3,202
S8FZC8,64
Q921X9,127
YNL064C,233
P76403,238
Q91ZU6-4,6402
YGR285C,21
B9QE96,723
P46940,1239
P26641,277
P56192,436
YNL079C,181
YLR175W,482
A4D1E9,357
I6YGF8,92
P0A955,130
P04816,79
O15091,519
E9PAV3,749
P0AG14,100
P00452,716
Q09666,597
G3X9T7,87
P0A6Q3,162
P40939,534
P0A749,248
Q14978-2,293
P22102,251
P0AEZ1,172
Q15031,644
P07900-2,163
O53697,305
Q8VCF0,478
P24539,248
P37387,57
YBR020W,266
O06554,184
P31937,76
YOR027W,293
YPL231W,1724
P33599,341
P37760,90
F8WIK2,366
YKL182W,1521
YOR362C,104
Q15149,877
I6Y628,501
Q46856,55
Q8BL66,799
P30178,197
YPR028W,121
Q9HC36,161
Q91ZU6-4,2853
P0AEI4,9
V4ZKE2,882
P0ADR6,179
I6XBZ1,259
P22307,23
A2ASZ8-3,204
P08997,317
P0AE39,205
P71898,31
P0A8Z3,120
P0A7I4,32
YLR216C,231
YNR030W,302
Q15149,3469
P78527,3672
P39371,139
YML072C,1300
P62424,111
P00805,93
YER023W,264
S8FFS7,691
P28635,6
Q9Z2Y8,211
B7ZCJ1,736
YDR083W,86
YCR088W,576
P0A9Z1,2
Q14CZ7,68
YKL182W,576
YMR012W,578
Q62425,48
YLR250W,172
P69797,293
O75323,53
YNL064C,347
Q9D379,159
YIL075C,680
P0AAJ8,187
Q8CGP2-2,86
Q8R5F7,406
P69910,229
Q4G176,128
S8EZQ9,828
P45880-1,300
P27695,63
O95347,1181
YML070W,427
O95373,294
P14685,292
P52907,13
YPL078C,223
Q09666,582
YMR012W,34
YMR208W,130
Q6NS59,438
O69689,285
S8GDD7,150
YNR043W,365
I6Y4E3,47
P11557,401
Q91XF0,152
P14685,16
F8VPN4,151
YBR025C,4
Q91ZU6-4,4320
Q91YW3,216
YER049W,37
P72043,323
Q7TQ48,746
P60390,274
YML070W,510
P52907,210
YDR190C,134
P33937,437
E9Q035,653
Q9Y305-4,259
Q7L8L6,432
P22599,192
YOR243C,403
P36578,283
O53666,94
O94826,563
A6H5Y3,802
Q9CWK8,426
F8WAR4,37
Q8BL66,845
Q921K2,600
P00582,829
P0AFW0,155
P0A7D4,125
Q13057-2,453
Q01081,191
I6YC67,5
YOR254C,147
YDR002W,92
Q99JY0,448
P31133,118
P04994,324
I6XES8,50
Q15149,4262
O43290,336
Q13057-2,408
YHR146W,428
V4ZQL8,722
P0ABD5,142
P54886,76
P22314,806
YBR026C,35
B4DFQ6,584
P0AEX9,166
Q6GQT9,875
YML072C,974
Q9QZ85,63
Q14CZ7,35
YLR216C,259
P00579,414
I6Y3Z8,269
P0A6H5,217
Q8VDM4,569
Q9BXJ9,724
YCR088W,381
O95347,188
P09543,371
Q9HCC0,487
YDR298C,107
YBR079C,196
YKL016C,113
Q07065,540
Q9CQC7,5
P14866,527
P25666,285
YCL057W,283
YOR332W,106
YOR310C,487
P33602,494
P07102,2
P55145,110
Q15149,923
Q3U111,337
S8GKI2,100
Q91WN4,129
YOR270C,82
Q01082,2349
P45748,69
Q8NC51,37
Q9D1Q6,170
YOR375C,98
Q8CC13,809
YOR361C,142
Q09666,1012
F8VPN4,1337
YHR183W,116
E9Q0V4,103
P17117,68
YHR010W,73
Q96CS3,318
Q3UER8,327
P0A7E9,15
Q96EY7,254
P0AB24,333
P00963,53
Q2TPA8,49
O75746,416
YML091C,348
P0ABD5,18
Q5RKZ7,280
P0AES6,487
I6Y3Z8,184
Q02788,276
P35505,57
P0AAG8,454
P52907,278
YOR211C,561
Q8BL66,1138
P08331,265
Q99PL5,1110
P0AB24,110
YPR159W,508
Q96DC8,252
Q922Q1,193
P0A8T7,219
A2A274,574
G3X925,105
O14979,221
S8GDD7,34
YNL138W,351
Q13423,146
P0AF08,67
Q3TJM2,72
A2A7A7,84
P0AF18,29
E9PAV3,1169
YDR023W,55
15609541,366
P18206,889
P28331,355
I6X9E2,62
Q09666,4272
F8VTL3,552
Q8CI78,353