accession,site
P0A823,227
P75863,344
P0ABS8,7
P0ABS8,74
P0A7D7,3
P0A7D7,52
P0A7D7,203
P0A7D7,157
P0A7D7,13
P0A7D7,163
P0A7D7,103
P0A7D7,152
P0A8E7,159
P0A8E7,90
P0A8E7,108
Q47147,50
Q47147,115
P11458,77
P11458,179
P0A7P5,11
P12996,103
P0AC92,7
P0AC92,53
P00452,584
P00452,723
P00452,727
P00452,9
P0AE63,61
P0AE63,37
P0AE63,26
P76108,127
P76108,119
P63235,489
P25524,110
P25524,207
P24228,98
P00961,565
P00961,146
P00961,592
P00961,584
P00961,607
P00961,624
P00961,214
P00961,674
P00961,72
P00961,86
P00961,282
P00961,286
P09394,188
P09394,127
P09394,140
P09394,173
P02359,35
P02359,17
P02359,131
P02359,171
P02359,149
P77754,43
P77754,135
P0A8I3,209
P00561,5
P00561,415
P00561,770
P39838,96
P76550,209
P76550,117
P00582,406
P00582,786
P00582,810
P00805,184
P00805,208
P00864,676
P00864,437
P00864,746
P00864,94
P00864,123
P00864,164
P00864,789
P00864,24
P00864,317
P0A7V8,183
P0A7V8,77
P0A7V8,167
P0A7V8,22
P0A7C6,215
P06846,31
P0ABR1,57
P0ABZ6,269
P0ABZ6,134
P0ABZ6,293
P0ABZ6,315
P76177,90
P76177,174
P18843,257
P18843,274
P18843,14
P00895,389
P0A8V2,161
P0A8V2,1133
P0A8V2,1122
P0A8V2,719
P0A8V2,283
P0A8V2,909
P0A8V2,954
P0A8V2,236
P0A8V2,1196
P0A8V2,900
P0A8V2,430
P0A8V2,1191
P0A8V2,1048
P0A8V2,1035
P0A8V2,1158
P0A8V2,439
P25666,177
P04816,327
P04816,87
P04816,170
P04816,160
P04816,63
P0A9D2,141
P0A9D2,122
P0A9D2,6
P21169,52
P21169,169
P75876,96
P75876,267
P76055,112
P0AB46,68
P00959,529
P00959,403
P00959,363
P00959,466
P00959,283
P00959,493
P00959,548
P00959,609
P37759,310
P37759,226
P37759,33
P37759,318
P0ACE3,8
P0ACE3,69
P0ACE3,58
P31806,243
P0AEI6,3
P0AEI6,76
Q46948,142
Q46948,133
P37751,337
P0A8G6,28
P0AFU8,18
P0AED0,22
P0AED0,101
P0ADY1,511
P0ADY1,109
P0ADY1,277
P0ABC7,368
P0ABC7,316
P0ABC7,125
P04994,132
P0C093,79
P30850,52
P30850,359
P21165,404
P21165,410
P21165,265
P21165,415
P21165,162
P21165,9
P52102,85
P02358,53
P02358,104
P02358,35
P02358,93
P77748,502
P77748,657
P05793,75
P05793,192
P05793,38
P05793,326
P05793,475
P05793,123
P05793,336
P05793,166
P05793,184
P0AES4,754
P0AES4,573
P0AES4,603
P0A7N1,60
P0A7N1,2
P0ACG1,117
P0ACG1,98
P0ACG1,107
P0AEX9,339
P0AEX9,205
P0AEX9,331
P0AEX9,51
P0AEX9,388
P0AEX9,277
P0AEX9,201
P02925,285
P02925,119
P02925,268
P02925,143
P02925,178
P37590,6
P02930,52
P0AAR3,73
P0AAR3,151
P0AAR3,109
P0A7F6,220
P0A7F6,225
P0A7F6,232
P02943,77
P02943,396
P0A7F3,34
P0A7F3,94
P0A7F3,13
P0A7F3,143
P0A7F3,6
P03018,389
P03841,281
P03841,206
P04036,97
P04036,163
P0AG67,350
P0AG67,272
P0AG67,528
P0AG67,90
P0AG67,115
P0AG67,347
P0AG67,260
P0AG67,150
P0AG67,464
P0AG67,229
P0AG67,247
P0AG67,449
P0AG67,158
P0AG67,457
P0AG67,155
P0AG67,363
P0ADY7,34
P0ADY7,127
P0ADY7,123
P0ADY7,71
P0AES0,225
P0AES0,618
P18133,397
P09323,647
P04949,166
P04949,59
P04949,360
P04949,311
P04949,42
P04949,423
P11557,418
P11557,371
P76002,57
P76002,106
P76002,125
P0AFW0,100
P0AEH3,67
P0AEH3,55
P0A8Z3,133
P21156,109
P21156,161
P21156,177
P0AE39,143
P0AC59,156
P0AC59,46
P0AC59,81
P0AC59,14
P0AC59,53
P0AC59,75
P04995,287
P04995,405
P33363,408
P33363,623
P33363,336
P33363,43
P33363,353
P0AFM6,189
P0AFM6,214
P0AFM6,81
P0AFM6,128
P0AFM6,160
P76316,305
P0AG16,195
P0ACJ8,189
P0ACJ8,153
P0ACJ8,131
P0ACJ8,27
P0ACJ8,202
P0ACJ8,23
P0ACJ8,53
P0ACJ8,5
P0ACJ8,101
P38489,62
P38489,130
P38489,9
P31057,2
P31057,11
P0AFY8,34
P0AFY8,138
P0AFY8,85
P0AFY8,60
P05459,57
P05459,198
P05459,184
P05459,310
P46118,129
P05791,237
P0A9K7,163
P07623,47
P07623,163
P07623,46
P67910,267
P67910,208
P67910,135
P67910,34
P0ADV1,140
P0ADV1,83
P0ADV1,103
P05824,71
P06149,344
P06149,543
P06149,323
P0AF48,106
P67603,82
P0A7E9,10
P0A7E9,222
P0A7E9,166
P0A7E9,6
P39371,315
P0AEM9,99
P0AEM9,206
P0AEM9,88
P0AEM9,85
P0AEM9,207
P0AEM9,134
P0AEM9,148
P0A9Q7,813
P0A9Q7,81
P0A9Q7,455
P0A9Q7,536
P0A9Q7,388
P0A9Q7,277
P0A9Q7,480
P0A9Q7,683
P0A9Q7,129
P0A9Q7,355
P0A9Q7,280
P0ACP1,2
P0A8T7,566
P0A8T7,649
P0A8T7,332
P0A8T7,850
P0A8T7,325
P0A8T7,983
P0A8T7,964
P0A8T7,1348
P0A8T7,911
P0A8T7,9
P0A8T7,531
P0A8T7,570
P0A8T7,13
P0A8T7,1340
P0A8T7,521
P0A8T7,996
P35340,53
P35340,399
P35340,7
P35340,11
P07363,131
P06988,60
P06988,218
P06988,44
P0A9J8,360
P0A9J8,112
P0A9J8,227
P0A9J8,64
P16700,153
P16700,295
P16700,171
P16700,71
P16700,146
P16700,299
P0ADE6,24
P0ADE6,129
P0ADE6,8
P0ADE6,102
P0ADE6,133
P0ADE6,137
P07003,334
P23865,308
P23865,171
P23865,581
P0A800,35
P0A7J0,127
P0A8L1,29
P0A8L1,24
P0A8L1,43
P0A8L1,166
P07024,153
P07024,320
P07024,159
P45577,75
P45577,54
P0A9D8,263
P0A9D8,60
P0A9D8,89
P0A9D8,241
P0A9D8,85
P38038,171
P38038,102
P0A998,135
P0A998,140
P0A998,3
P06959,587
P06959,366
P06959,531
P06959,302
P06959,317
P06959,431
P06959,346
P0ADN2,80
P0ADN2,15
P0ADN2,98
P0ADN2,49
P0ADN2,30
P07650,321
P07913,323
P07913,284
P31130,74
P60664,37
P60664,168
P60664,194
P0A9F3,181
P0A9F3,92
P0A9F3,76
P17846,131
P17846,127
P17846,320
P21179,294
P21179,693
P08200,177
P08200,230
P08200,387
P08200,401
P08200,242
P08200,12
P08200,235
P08200,186
P08200,100
P08200,199
P08200,55
P37051,29
P37051,264
P37051,17
P37095,148
P08331,327
P08331,93
P27128,104
P0ADG4,160
P0ADG4,21
P0ADG4,266
P0A8W2,143
P08956,824
P04951,27
P04951,19
P0A6E6,136
P0A6E6,101
P46837,198
P46837,42
P46837,341
P46837,601
P46837,463
P46837,156
P76658,179
P76658,2
P0ADZ4,71
P0ADZ4,47
P0ADZ4,65
P0A6P1,159
P0A6P1,247
P0A6P1,104
P0A6P1,112
P0A6P1,214
P0A6P1,24
P0A6P1,182
P0A6P1,177
P0A847,2
P0C054,98
P39172,201
P39172,116
P39172,249
P39172,286
P39172,172
P39172,161
P39172,130
P39172,111
P08997,175
P08997,157
P08997,305
P08997,337
P09424,309
P09424,287
P09424,261
P09424,276
P09424,269
P09424,2
P0A6N4,152
P0A6N4,54
P0A8A4,125
P37902,185
P37902,152
P37902,146
P37902,268
P37902,78
P37902,247
P37902,294
P37902,83
P0A9A6,170
P0A9A6,140
P0AEH5,51
P0AEH5,35
P0A7I4,180
P0A7I4,187
P12758,235
P12758,3
P12758,40
P12758,43
P0A6A3,368
P0A6A3,296
P31663,39
P31663,259
P31663,206
P31663,86
P52061,107
P0A6C1,210
P0A6C1,221
P0A6C5,92
P0A6C5,6
P05458,239
P05458,462
P05458,833
P69797,55
P69797,286
P69797,320
P69797,292
P37903,104
P37903,96
P37903,77
P06989,137
P06989,50
P0C8J6,7
P0C8J6,244
P0C8J6,264
P0C8J6,216
P0C8J6,93
P0C8J6,86
P33644,63
P69910,446
P69910,192
P69910,21
P69910,464
P69910,453
P33219,48
P33219,83
P33219,86
P0A6F3,143
P0A6F3,141
P0A6F3,5
P0A6F3,92
Q46845,16
Q46845,253
P0A8G0,609
P0AEE5,187
P0AEE5,127
P0AEE5,299
P0AEE5,323
P0AEE5,170
P0AEE5,52
P0AEE5,214
P0AEE5,115
P0AEE5,331
P0AEE5,308
P0A6E4,6
P0A6E4,418
P0A6E4,391
P0A6E4,383
P0A6E4,133
P10384,261
P0A6H1,97
P0A6H1,85
P0A6H5,80
P0A6H5,85
P0A6P5,458
P0A6P5,335
P18956,527
P18956,136
P0A6K6,271
P0A6K6,220
P0A6L0,5
P0A6L0,61
P0A6L0,201
P0ACP7,114
P0ACP7,41
P0A6L4,256
P77735,237
P77735,8
P77735,241
P77735,88
P12295,170
P0A951,130
P0A951,126
P0A951,182
P62768,44
P62768,99
P62768,67
P62768,31
P45578,163
P45578,105
P45578,45
P45578,165
P0A7A9,143
P0A7A9,95
P0A7A9,116
P0A7A9,105
P0A7A9,122
P0A7A9,113
P0A7A9,152
P0A6N8,57
P0A6N8,51
P0A6N8,40
P0AFB8,271
P0AFB8,292
P0AGC3,178
P0AGC3,491
P0A6V8,128
P0A6V8,273
P0A6T5,137
P0A6T5,129
P0A6T5,6
P0A6T5,205
P0A6T5,95
P22525,518
P0A850,203
P0A850,287
P0A850,238
P0A850,392
P0A850,232
P0A850,342
P0A850,390
P0A850,254
P0A850,152
P0A850,327
P0A850,37
P0A850,361
P0A850,81
P0A850,83
P0A850,48
P0A9G6,52
P0A9G6,62
P0A9G6,13
P0A9G6,34
P0A9G6,331
P0A9G6,391
P0A9G6,381
P0A9G6,308
P0A9G6,193
P76344,94
P76344,80
P76344,152
P76344,88
P76344,139
P76344,39
P76344,160
P76344,134
P0ADE8,99
P0ADE8,68
Q47702,95
P21369,111
P52106,196
P64483,52
P0A8C4,188
P15254,409
P15254,638
P15254,60
P0A7G2,85
P0A7G2,60
P0A7G2,118
P0A7G2,131
P0A6W5,22
P0A6W5,43
P0A6W5,133
P68206,42
P68206,35
P68206,11
P68206,56
P37329,93
P37329,120
P00960,250
P00960,301
P16676,9
P0AD59,44
P0AD59,55
P0AGD7,418
P0AGD7,386
P0AGD7,28
P0AEU0,234
P0AEU0,120
P0AEU0,108
P0AEU0,201
P0AEU0,132
P0AEU0,98
P0AEU0,208
P0AEU0,223
P60624,43
P60624,47
P60624,97
P60624,17
P39356,259
P77721,80
P77721,11
P33599,401
P33599,385
P33599,61
P33599,466
P33599,49
P0AE08,91
P0AE08,80
P0AE08,7
P0AE08,27
P0AE08,17
P0AE08,93
P0AE08,12
P0AE08,169
P0AE08,171
P31808,6
P31808,247
P23847,81
P23847,89
P23847,324
P23847,514
P23847,517
P23847,364
P23847,482
P23847,319
P23847,196
P23847,526
P23847,227
P23847,100
P23847,419
P0A7D4,161
P0A7D4,401
P0A7D4,141
P0A7D4,343
P0A7D4,155
P0A7D4,340
P0A7D4,82
P0A7D4,85
P0A8P3,45
P0A8P3,90
P0A8P3,28
P0A8P3,36
P0A8X2,113
P0A8X2,151
P0AB43,20
P0ADP9,77
P0ADP9,70
P0ADP9,61
P05194,7
P0AGJ5,63
P0AGJ5,179
P0AGJ5,285
P52697,147
P52697,314
P52697,287
P23843,518
P23843,527
P23843,409
P23843,56
P23843,501
P23843,372
P23843,398
P23843,494
P23843,542
P23843,424
P23843,365
P23843,320
P23843,96
P23843,195
Q46856,233
Q46856,42
P23845,108
P76231,76
P0A927,66
P39310,137
P39310,8
P22259,106
P22259,87
P22259,95
P22259,262
P22259,294
P22259,453
P22259,91
P0A794,228
P0AGG0,188
P76270,157
P76270,3
P76268,170
P24251,88
P24251,83
P24251,106
P0A7A7,98
P75694,55
P75694,32
P75694,65
P75694,89
P0C0V0,287
P0C0V0,307
P0C0V0,304
P0C0V0,428
P0A7B5,301
P0A7B8,81
P0AFX4,79
P0AFX4,40
P0AC19,22
P0AC19,62
P45523,42
P45523,172
P45523,216
P45523,47
P45523,179
P45523,65
P45523,73
P45523,157
P45523,162
P60546,203
P30864,178
P00547,285
P00547,227
P00547,224
P00547,55
P0ADV7,37
P0ADV7,188
P0ADV7,204
P0ADV7,83
P0ADV7,43
P0AF24,176
P0AF24,129
P06974,108
P43533,112
P32132,337
P32132,509
P32132,541
P32132,122
P08957,164
P32157,213
P0C0L2,16
P0C0L2,19
P0ABP8,54
P0ABP8,84
P0ABP8,100
P36548,210
P24171,669
P24171,348
P0AG14,259
P0AB24,212
P0AB24,162
P0A7K6,87
P0A7K6,37
P0A7K6,14
P0A7K6,96
P60390,286
P60390,194
P0A715,85
P0A715,268
P0A715,275
P0A715,79
P0A715,55
P0A715,265
P0A715,156
P0A715,154
P0A715,138
P37647,285
P37647,162
P0A7M2,44
P21499,544
P21499,369
P21499,105
P21499,30
P0A7N4,7
P0AG59,19
P0AG59,97
P60906,370
P60906,53
P0ACW6,59
P64534,67
P64534,102
P64534,50
P0A7U7,44
P0A7U7,49
P0A7X6,152
P0A7X6,64
P0A7X6,146
P76014,52
P69811,259
P60560,12
P23869,69
P23869,65
P23869,25
P23869,77
P23869,14
P69924,10
P69924,33
P0A894,194
P0A894,203
P0A7Z0,7
P0A7Z0,59
P0A7Z0,149
P0A7Y0,102
P77202,111
P77202,45
P77202,174
P0A7G6,233
P0A7G6,295
P0A7G6,311
P0A7G6,24
P76558,27
P76558,237
P76558,183
P39199,309
P0ACZ4,159
P0ACZ4,89
P0ACZ4,146
P0ACZ4,167
P76372,168
P0A809,66
P0A8X0,117
P0AFH8,130
P0AFH8,74
P0AFH8,118
P0AFH8,195
P0AF08,116
P0AF08,86
P0AF08,30
P0A790,119
P0A790,115
P0A722,233
P0A722,220
P67087,273
P0AF18,139
P13669,199
P31658,124
P31658,115
P31069,349
P31069,305
P0AB80,47
P26612,456
P76034,73
P39286,85
P04825,286
P0A853,218
P0A853,219
P0A853,406
P0A853,409
P0A853,246
P0A853,450
P0A853,459
P0A853,259
P0A853,269
P0A853,239
P0A853,115
P0A853,467
P0A853,443
P0A853,5
P0A853,156
P0A853,20
P0A853,168
P0ABA0,58
P0ABA0,81
P0AAI9,211
P0AAI9,206
P0AAI9,286
P0A855,257
P0A855,67
P0A855,155
P0A855,160
P0AEY5,11
P36649,470
P0A8F0,26
P0A8F0,67
P0A8F0,7
P0A8F0,70
P76116,197
P76116,302
P0AET2,93
P0AET2,99
P17115,286
P04968,51
P0A862,46
P0A862,24
P0A862,48
P15288,438
P15288,83
P15288,229
P15288,212
P0AF50,25
P41407,133
P76243,32
P18775,703
P18775,470
P64554,194
P0ACA7,97
P0A8Y3,35
P0AG44,56
P0A7R5,46
P0A7R5,59
P0A7R5,82
P0A7R5,30
P08244,177
P36683,728
P36683,73
P36683,373
P36683,387
P36683,567
P69428,62
P0AA16,144
P0AA16,184
P0AA39,309
P0AA39,174
P0AAB4,96
P0AAG8,125
P0AAG8,117
P0ACL9,61
P0AAJ8,109
P0AAJ8,221
P0AAQ6,104
P0A6P7,105
P0A6P7,50
P0AEP3,31
P0AEP3,204
P0AAT2,55
P0AF03,140
P0AB14,7
P0AB14,57
P0AES9,105
P0AES9,100
P78067,94
P78067,106
P69503,12
P69503,16
P0A6Q6,128
P0AB83,165
P0A8D0,92
P0AB89,400
P0AB89,101
P0AB89,46
P0AB89,34
P0AB89,94
P33602,687
P33602,276
P0AD49,102
P0AD49,29
P0AD49,8
P0A9T0,8
P0A9T0,141
P0A9T0,39
P0A9T0,22
P0A9T0,12
P0A9T0,48
P0A9T0,224
P0A8W8,136
P0AEG6,102
P0AEG6,223
P0AEG6,35
P0AEG6,167
P0A6I3,137
P0AEG4,77
P31550,75
P65556,166
P0A8F4,85
P69913,38
P10408,625
P10408,8
P10408,237
P76403,3
P76403,14
P76403,287
P0A9S7,119
P0ABW9,50
P0ADZ7,104
P0C8J8,111
P0AC47,242
P0AC47,234
P0ACY1,40
P0ACR9,39
P0ADZ0,26
P0ADZ0,33
P0A6R3,32
P0A910,288
P0A910,218
P0A910,94
P0A910,85
P0A955,24
P0A955,34
P0A955,133
P0ACA3,184
P30750,184
P30750,9
P10371,232
P10371,107
P20966,82
P0A7S9,78
P0A7S9,13
P0ADS6,154
P36938,186
P36938,273
P0A6Q3,42
P0A6Q3,123
P0A6Q3,10
P0C018,63
P0C018,88
P0C018,76
P0C018,68
P60595,28
P0AEZ3,30
P0AEZ3,175
P0AEZ3,104
P0AEZ3,11
P0AEZ3,16
P56262,263
P39831,191
P39831,26
P0ACY3,394
P0ACY3,426
P63224,140
P0A9L5,13
P0A9L5,33
P64588,172
P06992,205
P0ABD8,100
P30136,511
P30136,528
P0AFF6,111
P0AFF6,143
P0AC62,46
P0ADT8,138
P0ADR6,306
P0A9C3,253
P0ADT5,247
P0AEU7,51
P0AEU7,67
P0AEU7,158
P0AEU7,97
P0AEU7,75
P76010,10
P0ADV9,97
P26646,188
Q93K97,125
P0AFR4,102
P64506,36
P0A9W9,158
P0AE06,354
P0AE06,78
P76549,59
P76536,272
P76536,181
P06983,24
P0A877,263
P0A877,199
P0A877,12
P0A877,201
P76423,120
P0AES6,536
P0AES6,299
P0AEC3,218
P0AEB7,103
P0ADR8,415
P0AEJ6,23
P24188,39
P0AEQ1,73
P21170,175
P21170,192
P0A7M6,54
P0A7M6,44
P64463,27
P61887,267
P60716,216
P09151,252
P40120,139
P0AE91,137
P0AE91,106
P45579,43
P30137,77
P30177,186
P0A6U5,33
P37648,384
P0AF20,391
P0AFA2,69
P37760,164
P37760,145
P24255,331
P24255,193
P25539,349
P0AFD6,134
P30125,160
P30125,150
P67660,293
P0ACJ0,154
P0AFK0,340
P16456,173
P0AFM2,142
P0AFM2,136
P0AFM2,128
P23839,233
P0A9W6,68
P00579,257
P0AA43,5
P77285,148
Q46868,31
P76170,74
P76170,51
P0A887,181
P0A887,80
P0A887,21
P77718,442
P77718,265
P77718,478
P77718,35
P0A8E1,162
P0A8E1,48
P07023,25
P0ACX3,68
P0AG80,102
P31825,16
P0A7Y4,122
P24203,159
P77808,240
P0A9Z1,12
P0A9Z1,3
P0A9Z1,9
P0A9Z1,90
P0C0K3,55
P0AC13,260
P0AC13,192
P46887,66
P04425,148
P77781,122
P0A9G8,14
P11349,237
P09169,297
P11880,311
P12281,279
P67826,151
P0AC81,27
P0AC81,22
P0A6C8,60
P14175,23
P14175,277
P14175,12
P17117,234
P15977,528
P30744,433
P30744,27
P30744,40
P0A6E9,190
P52643,164
P52643,9
P52643,93
P28635,97
P28635,269
P06987,331
P17315,293
P0A948,163
P0ACS7,205
P0ABD5,99
P07102,96
P21338,193
P21338,185
P21338,206
P21367,37
P76027,154
P76027,139
P0A7A2,90
P21513,37
P21513,71
P32162,46
P25745,191
P75792,34
P22564,212
P23331,187
P23522,85
P0AFC7,41
P36979,33
P0ACC3,32
P23857,59
P23909,507
P30871,432
P64455,60
P24215,201
P24216,382
P24232,40
P0A729,141
P0A729,152
P0A729,3
P0AEE1,101
P05020,182
P61949,28
P25740,153
P27240,78
P27242,349
P27245,24
P0A9A9,14
P0A9A9,9
P0A9A9,41
P23538,323
P23538,329
P27306,261
P27306,370
P27828,370
P27828,341
P28306,45
P28904,207
P09053,353
P52060,57
P52060,70
P23917,206
P03007,53
P31224,252
P31554,490
P31554,486
P0A7E3,26
P45955,208
P00963,16
P32176,795
P32176,877
P0A6D0,52
P33348,58
P33355,15
P76193,238
P76193,231
P33937,164
P0AEI4,179
P0A8U0,124
P36672,4
P0AF56,170
P36767,108
P37005,24
P37177,430
P37387,298
P37659,518
P37661,280
P37689,172
P37689,237
P0A9Q9,2
P06611,207
P37749,199
P25746,103
P37773,371
P45748,50
P76502,39
P0AAT6,4
P38104,227
P0A9X1,106
P0ABF1,185
P39160,73
P39401,270
P31060,335
P04982,110
P42616,33
P42632,111
P43672,115
P37028,225
P45568,140
P45568,63
P76576,139
P21645,328
P0A7D1,118
P46853,230
P0AG86,19
P0A8B2,85
P52647,593
P07639,298
P0AF36,61
P64490,35
P0A881,90
P0A8Z0,109
P30139,43
P0AG07,107
P0A940,300
P06616,116
P0AAC0,230
P0AEZ1,170
P0AEZ1,52
P0AEZ1,54
P0AEZ1,270
P39325,197
P39325,205
P12995,229
P63389,314
P37634,30
P64610,48
P0A9X4,60
P64614,63
P64614,59
P65292,53
P0AFL6,103
P02924,318
P28861,135
P33920,171
P24252,41
P69425,64
P0AD53,56
P0ABJ9,358
P76143,209
P0C037,11
P0ABI8,568
P36680,65
P69828,29
P69829,129
P69831,208
P63020,14
P63020,175
P0ACI0,35
P0ACI0,43
P18390,86
P0A749,144
P31133,349
P0AGK4,89
P09372,85
P76104,203
P0A9E5,66
P0A9E5,163
P36673,8
P76290,185
P0A8L7,101
P0A6D7,86
P13016,92
P30178,75
P76440,57
P76507,332
P0ACS9,53
P76594,748
P0A8U6,32
P77252,155
P77252,147
P77318,83
P77318,512
P0A991,248
P0A746,82
P31697,94
P0A917,50
P52598,79
Q46829,100
Q46829,449
P29745,228
Q46915,201
P16691,120
P46852,169
Q9BQ69,133
Q9BQ69,96
B4DLN1,162
B4DLN1,150
B4DLN1,409
P43897-2,65
P40926,239
P40926,185
P40926,215
P40926,301
P40926,335
P40926,91
P40926,329
P40926,307
P40926,296
P40926,314
P40926,324
P38117,200
P38117,110
P38117,116
Q9BW91,127
Q7L0Y3,139
P01891,200
P42704,107
P42704,187
P42704,1332
P42704,613
P42704,1121
P42704,772
P42704,966
P42704,1357
P42704,1224
P42704,868
Q9UII2,49
Q9UII2,82
Q9UII2,90
Q00059,95
Q00059,190
Q00059,205
O43290,175
P09543,217
P09543,175
E9PF18,216
E9PF18,245
E9PF18,206
E9PF18,196
E9PF18,136
E9PF18,316
P34897,103
P34897,474
P34897,469
P34897,200
P34897,269
P34897,302
P34897,464
P34897,409
P34897,356
Q07021,91
Q9BYN8,97
O15091,512
P41250,204
P41250,115
P41250,501
P41250,207
P41250,108
P41250,99
P41250,553
P41250,419
O75947,99
O75947,63
O75947,72
O75947,78
O75947,32
O75947,85
O75947,95
O75947,58
O75947,117
O75608,97
Q969Z0,446
Q8IYQ7,281
Q8IYQ7,183
Q02252,52
Q02252,117
Q9NPJ3,27
Q9NPJ3,127
Q9NPJ3,108
Q9NPJ3,111
Q7L8L6,361
Q7L8L6,507
P55809,455
P55809,473
P55809,421
P55809,176
P55809,446
P30042,223
P30042,233
P30042,157
O75439,148
O75439,219
O75439,472
O75439,478
P22695,98
P22695,159
P22695,92
P22695,250
Q96GC5,195
C9JSL2,759
C9JSL2,884
C9JSL2,1030
Q9HA77,233
Q9HA77,198
Q9HA77,407
Q9HA77,323
P42126,89
P42126,283
Q16822,100
Q8N0X4,57
Q9Y2Z4,49
Q9Y2Z4,367
Q99623,6
Q13423,70
Q13423,403
Q13423,433
Q13423,117
Q13423,1070
Q13423,939
Q13423,430
Q13423,55
P31949,55
P31949,27
P18859,46
P18859,41
P18859,99
P18859,51
P18859,79
Q9HCC0,70
P23381,51
P23381,111
P23381,153
P23381,458
P23381,431
P23381,33
P23381,27
P23381,204
Q9NSE4,277
Q9NSE4,775
Q9NSE4,189
Q9NSE4,493
Q9NSE4,803
Q9NSE4,74
Q9NSE4,241
Q9NSE4,451
P55209,116
Q96EY7,408
Q16762,24
P40939,390
P40939,259
P40939,414
P40939,540
P40939,359
P40939,46
P40939,531
P40939,519
P40939,569
P40939,728
P40939,334
P40939,350
P40939,406
P40939,415
P40939,644
Q99757,152
Q96DC8,65
Q5T4U5,245
Q5T4U5,289
A2A274,761
A2A274,426
A2A274,545
A2A274,755
Q13825,144
Q13825,204
O75323,281
Q9HC21,275
B4DFQ6,206
Q9Y2Q3-2,71
Q9Y2Q3-2,225
P07814,229
P07814,1361
P07814,788
P13073,67
P13073,87
Q16854,275
F5H5P2,141
F5H5P2,390
Q6GMV3,134
Q9BSH4,170
Q8WWC4,180
Q8WXC9,75
P30049,165
P82933,287
P82933,85
Q96AB3-2,201
P23919,169
Q9NUJ1,69
Q9NUJ1,248
C9J587,114
H0YB34,71
Q8NE86,211
Q8NE86,321
Q8NE86,332
Q16795,175
Q16795,254
P35914,48
P23786,453
P23786,69
P23786,544
Q4G176,534
O43175,351
O43175,394
P00367,183
P00367,211
P00367,503
P00367,346
P00367,527
P00367,457
P00367,191
P00367,545
P00367,415
Q9BQP7,253
O95571,66
O95571,172
Q13907-2,233
Q13907-2,237
P0C7P0,55
P0C7P0,48
Q9NYK5-2,72
Q9NYK5-2,126
Q16718,40
Q16718,60
P49419,93
P49419,439
P49419,389
P49419,528
P49419,462
Q96E11,100
Q9H2U2-2,239
Q9H2U2-2,291
Q9H2U2-2,120
Q9H2U2-2,69
Q9H2U2-2,126
Q9H2U2-2,137
P53621-2,997
P53621-2,441
P13804,226
P13804,139
P13804,331
P13804,301
Q6UB35,516
G8JLB6,185
G8JLB6,35
Q9Y305-4,416
P07954,292
P07954,66
P07954,221
P07954,122
P07954,94
P07954,80
Q53R41,482
Q53R41,360
Q13057-2,583
O43708,32
P31937,145
P31937,238
Q9UFN0,166
Q9UFN0,45
P30038,119
Q9Y6N5,260
Q9Y6N5,186
Q9Y6N5,180
Q9Y6N5,173
Q9Y6N5,177
P82650,211
P82650,248
P82650,255
Q6P2I3,128
Q9NX46,109
P82675,260
P82675,393
Q4G0N4,339
P36776,145
P36776,714
Q8TCS8,582
Q8TCS8,264
Q8TCS8,583
Q8TCS8,629
Q8TCS8,562
Q8TCS8,357
Q8TCS8,289
Q8TCS8,285
P28838,221
P28838,224
Q9NVI7,329
Q9NVI7,543
Q9NVI7,539
O95202,373
P13995,50
P24539,162
P24539,244
P24539,233
P24539,131
Q9NVV4-2,220
Q9Y3B7,51
Q9Y3B7,169
O95139,66
Q9Y2R9,221
Q9Y3D9,93
P49753,104
P49406,221
P49406,284
P51659,46
P51659,579
P51659,644
P51659,415
P51659,731
P51659,139
Q96ER9,162
P10515,362
P10515,376
Q9BRJ7,151
Q9NPG3,449
P23396,62
P23396,90
Q9P0P8,133
O75746,482
P23434,166
E7ESL0,197
O75027-2,362
O75027-2,500
P23368,240
P23368,224
P28331,311
P28331,467
Q16740,211
P10606,56
P14927,96
P14927,19
P14927,78
P14927,110
A4D1E9,184
A3KMH1,272
Q9NWU1,174
P30044,83
Q6WCQ1-2,396
O14874,184
P53007,277
F5H189,47
P06744,454
P06744,366
P06744,234
P06744,142
P06744,89
Q9NQH7,412
Q12904-2,87
B4DXI4,151
Q10713,299
Q10713,478
P51398,203
P51398,130
O14561,88
O14561,92
Q96CS3,167
E7EVA0,369
E7EVA0,515
Q16134,132
P08243,244
P08243,556
P53597,54
P27824,61
P27824,137
P27824,170
P27824,210
P27824,458
Q9BXW7,69
Q9BXW7,132
O75964,66
O95363,99
P62979,63
P62979,107
P62979,104
P62979,48
P62979,6
P62979,27
P62979,11
P54577,238
P54577,146
P54577,206
Q14964,63
P02786,128
P02786,382
P02786,693
P02786,161
P51553,206
P54886,347
P54886,424
Q8WV44,303
Q15120,278
Q9Y3B8,205
O00411,622
P09960,418
P09960,573
P09960,58
P09960,434
P04080,91
O95831,593
Q14197,98
Q08J23,650
Q8NCW5,269
Q9HC36,153
P26641,434
P26641,294
P26641,219
P26641,227
P26641,212
Q9UHG3,430
P38159,30
P38159,217
P07737,38
P07737,70
P07737,105
P07737,54
P07737,126
P07737,116
O95347,320
P02545,108
P02545,316
P02545,180
P02545,97
P02545,201
P02545,265
P02545,470
P02545,260
P02545,114
P02545,32
P02545,155
Q92616,2591
E7ENR4,379
E7ENR4,798
Q15149,1626
Q15149,2915
Q15149,597
Q15149,4152
Q15149,3968
Q15149,3182
Q15149,4167
Q15149,4173
Q15149,3848
Q15149,3384
Q15149,4512
Q15149,740
Q15149,3476
Q15149,4584
Q15149,4576
Q15149,1427
Q15149,1417
Q14978-2,657
Q9H5Q4,201
Q14CZ7,471
O75396,38
O75396,178
Q9BXJ9,262
Q9BXJ9,756
P46940,935
P46940,806
P46940,1088
P46940,1389
P46940,1027
P53999,38
Q9BY32,18
P19338,79
P19338,87
P19338,124
P19338,377
P19338,410
P19338,444
P19338,370
P19338,467
P19338,627
P41252,382
P45880-1,46
P45880-1,135
Q9H3K6,47
P11940,78
P11940,104
P11940,620
P61086,14
P62851,66
P62851,94
O94925,311
O94925,164
Q9Y2D0,249
Q15070,207
P15559,31
P15559,90
P15559,307
P18669,5
P18669,176
P18669,113
P18669,100
P00558,291
P00558,361
P00558,11
P00558,131
P00558,191
P00558,30
P00558,97
P00558,146
P14866,538
Q02790,294
Q02790,222
Q02790,83
Q02790,274
P09496,242
P06748,32
P06748,27
P06748,229
P06748,267
P06748,248
P06748,273
P06748,239
P06748,212
P06748,141
Q8NC51,320
Q8NC51,102
P62424,150
P62424,48
P62424,125
O00232,98
O00232,405
P78417,143
P78417,136
Q14697-2,242
Q14697-2,930
Q02543,11
Q16891,714
Q16891,282
P58546,19
P58546,90
P58546,24
P58546,11
P30040,192
Q9Y5J7,15
P19784,103
Q00839,17
Q00839,331
Q00839,609
Q00839,352
Q00839,670
Q00839,489
Q00839,664
Q00839,626
Q00839,620
Q00839,614
Q00839,635
P62913,159
O60925,10
F8W914,327
P12532-2,322
P12532-2,368
O94826,470
P23193,199
P23193,84
P62081,74
P62081,178
P27695,197
P27695,24
P27695,276
P61247,34
P61247,27
P61247,63
P61247,182
P61247,195
P61247,187
P05187,46
P05187,262
Q9HB71,8
P50454,287
P50454,250
P36578,14
P36578,172
P36578,259
P36578,181
P50990,37
P50990,235
P50990,400
P50990,459
O76094,283
P56192,431
P39023,356
P39023,362
P39023,399
P39023,393
P39023,366
P39023,148
P39023,294
P39019,7
P39019,23
Q9P2J5,832
P05387,49
P05387,21
P29401,603
P29401,144
P29401,352
P29401,538
P29401,204
P29401,465
P29401,16
P29401,310
P29401,260
Q32Q12,56
Q32Q12,51
Q32Q12,196
Q32Q12,275
Q32Q12,81
Q32Q12,264
Q00688,48
Q00688,70
P08133,68
P08133,478
P16949,9
P16949,52
P62857,47
F8W031,160
E9PRY8,601
P83731,93
P83731,69
P83731,43
P83731,27
P49755,87
P49755,133
P49902,228
P49902,211
P13667,543
P13667,570
P13667,245
P26373,174
P26373,177
P42766,66
P42766,25
Q6P2Q9,1993
P13639,857
P13639,322
P13639,258
P13639,438
P13639,275
P13639,239
P13639,61
P13639,308
P13639,571
P13639,318
P13639,445
P13639,283
P13639,337
P07900-2,558
P07900-2,565
P07900-2,234
P07900-2,698
P07900-2,753
P07900-2,680
P07900-2,611
P07900-2,661
P07900-2,668
Q14019,102
Q14019,72
Q14019,110
Q14019,126
P35520-2,485
O76003,67
E7EUC7,78
Q16643,295
Q9BUQ0,266
Q9BUQ0,92
Q9BUQ0,13
P30086,77
O95373,312
P22314,68
P22314,528
P22314,671
B4DR61,113
O43169,30
P62753,149
P62753,116
P62753,119
P62753,30
P07910,197
P07910,8
P07910,243
P07910,223
P07910,204
P07910,176
P07910,29
O15479,250
P61221,584
P35613,179
P21964,159
P22234,11
P22234,36
P22234,116
P22234,110
P11413-2,432
P11413-2,543
P25789,238
P25789,180
Q12797,110
P08195-4,197
P08195-4,329
P08195-4,300
P08195-4,276
Q01082,497
Q01082,1684
Q01082,1815
P12004,13
P12004,164
P49321-3,659
P52565,105
P52565,43
P52565,178
B5MC82,21
P62750,110
P62750,115
P63241-2,151
P63241-2,64
P63241-2,97
O76021,109
O76021,140
O76021,318
B5MDF5,37
B5MDF5,23
B5MDF5,144
B5MDF5,169
B5MDF5,116
Q08211,191
Q08211,14
Q08211,146
P55327-3,161
P55327-3,209
P55327-3,124
Q969Q4,31
H0YHG0,344
Q16658,241
Q16658,41
Q16658,74
Q16658,464
Q16658,471
O95816,9
Q15631,187
P18124,19
P18124,156
P00338-3,251
P00338-3,147
P00338-3,110
P00338-3,357
P00338-3,155
P00338-3,105
P00338-3,43
P00338-3,307
P00338-3,261
P00338-3,34
P00338-3,313
P00338-3,257
P22307,438
P61978-2,422
P61978-2,405
P61978-2,34
P61978-2,219
P61978-2,52
P20042,79
P22102,404
P53004,269
P62140,259
Q00796,63
P67809,92
P67809,81
P37837,130
P37837,219
P37837,225
P00492,166
P40261,23
P40261,8
P55145,133
P12956,591
P12956,100
P12956,114
P12956,357
P12956,123
P12956,331
P09429,127
P09429,157
Q15717,72
P22087,121
P55884-2,729
O15212,88
Q99873,266
P68431,80
P68431,57
P68431,123
Q9NR30,278
Q9NR30,577
P31939,356
P43034,368
O75531,32
B7Z4C8,55
P04632,172
Q07065,223
A6NG51,824
A6NG51,1703
P61254,63
P18077,45
Q09666,1609
Q09666,2865
Q09666,4139
Q09666,1205
Q09666,3229
Q09666,976
Q09666,5443
Q09666,3573
Q09666,263
Q09666,3036
Q09666,4556
Q09666,942
Q09666,3256
Q09666,2872
Q09666,4031
Q09666,4751
Q13185,44
B7Z6Z4,149
Q15084-2,293
Q15084-2,125
Q15084-2,260
P32969,21
F8VTL3,689
P23246,413
P23246,338
P23246,314
P23246,330
P23246,208
P23246,510
P23246,472
P17931,196
E9PDR7,8
P35268,107
P35268,80
P39748,354
P39748,200
P52272,126
P52272,381
P52272,88
E5RJD8,97
P61289-2,6
O15145,29
O15145,56
P49721,68
P05455,116
P56385,34
P05783,187
P05783,317
P05783,247
P05783,417
P05783,426
P63208,128
P62244,19
P62244,12
P62244,84
Q07666,165
Q07666,185
P26447,31
P26447,35
P26447,48
P37802,78
P37802,153
P14324,359
P67936,11
P67936,169
P26368,292
Q9UHD1,127
Q14315,2699
P29966,172
P30153,467
P30153,542
P09234,35
P14854,13
Q14974,68
B4DT31,415
B4DT31,224
B4DT31,612
P25205,556
Q5SZL2-4,559
P05388,10
O15355,406
P18206,1020
P18206,71
P18206,992
Q8WVY7,245
P33991,762
P33991,477
P33991,409
B7WPD3,46
B7WPD3,28
Q14116,132
Q14116,176
O14929,15
P63000-2,166
P29373,9
Q9UQ80,101
Q9BTT0,113
P61956,45
P17812,489
P41227,165
Q13243,36
E9PAV3,1971
O14979,311
Q9UHB6-4,268
P32320,80
F5H3A1,773
O75821,193
O75821,71
O75821,272
Q09028,22
O15144,117
Q01581,409
Q9NTJ3,207
P02656,44
B0QYN7,65
P47897,620
Q9BUL8,150
F8WAR4,76
Q9NVA2-2,407
Q07020,49
Q7L2H7,176
O14548,69
P11279,137
P49327,786
P52907,226
P54727,60
P62241,157
P62829,43
P78527,3638
Q01081,13
Q13098-7,186
Q15031,155
Q3SY69,57
Q86UP2,345
Q86UP2,835
Q99598,247
Q9BRA2,25
Q9H444,38
Q9H4B0,240
Q9H9J2,278
Q9UBT2,316
Q99JY0,191
Q99JY0,333
Q99JY0,335
Q99JY0,269
Q99JY0,273
Q99JY0,278
Q99JY0,349
Q99JY0,362
Q99JY0,292
Q99JY0,294
Q99JY0,73
Q99JY0,299
Q99JY0,189
Q99JY0,53
Q99JY0,96
Q9ET01,823
Q9ET01,552
Q9ET01,29
Q9ET01,730
Q9ET01,359
Q9ET01,364
Q9ET01,514
Q9ET01,421
Q9ET01,438
Q9ET01,10
Q9ET01,819
Q9ET01,470
Q9ET01,724
Q9ET01,290
P25688,118
P25688,10
P25688,36
P25688,220
P25688,227
P25688,185
P25688,72
P25688,290
P25688,296
P25688,277
P25688,158
P25688,23
P25688,175
Q3UNX5-2,203
Q3UNX5-2,151
Q9CQ62,106
Q9CQ62,42
Q9CQ62,49
Q9CQ62,315
Q9CQ62,260
Q9CQ62,60
Q9CQ62,244
Q9CQ62,97
Q9CQ62,246
Q9EP89,270
Q9EP89,241
Q9EP89,383
Q9EP89,547
Q9EP89,287
Q9EP89,288
Q9EP89,299
Q9EP89,313
Q9EP89,263
P11725,243
P11725,221
P11725,231
P11725,238
P11725,38
P11725,70
P11725,88
P11725,144
P14152,107
P14152,110
P14152,220
P14152,214
P14152,118
P14152,205
P14152,318
P14152,298
Q64374,106
Q64374,144
Q64374,290
Q64374,195
Q64374,233
Q64374,239
Q64374,283
O35490,349
O35490,386
O35490,93
O35490,232
O35490,150
O35490,283
Q3UWB9,354
Q3UWB9,94
Q3UWB9,78
Q3UWB9,451
Q3UWB9,84
Q3UWB9,350
Q91YI0,7
Q91YI0,287
Q91YI0,361
Q91YI0,323
Q91YI0,192
Q91YI0,97
Q99K67,70
Q99K67,52
Q99K67,48
Q99K67,480
Q99K67,286
Q99K67,138
O08795-2,166
O08601-2,164
O08601-2,431
O08601-2,463
O08601-2,120
O08601-2,536
P07724,236
P07724,212
P07724,264
P07724,210
P07724,438
P10649,199
P10649,144
P10649,136
P10649,31
P10649,50
P17751,288
P17751,298
P17751,244
P17751,238
P17751,206
P55096,61
P55096,529
P55096,533
P55096,286
P55096,260
Q3UEG6,303
Q3UEG6,368
Q3UEG6,416
Q3UEG6,70
Q3UEG6,127
Q3V117,12
Q3V117,166
Q3V117,272
Q3V117,780
Q3V117,991
Q8BJ64,281
Q8BJ64,498
Q8BJ64,287
Q8BJ64,588
Q8BJ64,77
Q91ZA3,146
Q91ZA3,644
Q91ZA3,128
Q91ZA3,61
Q91ZA3,196
Q9DBG1,393
Q9DBG1,412
Q9DBG1,523
Q9DBG1,365
Q9DBG1,285
A2AFQ2,79
A2AFQ2,28
A2AFQ2,52
A2AFQ2,107
P50544,332
P50544,277
P50544,279
P50544,196
B1ATI0,274
B1ATI0,266
B1ATI0,457
B1ATI0,296
Q91YT0,81
Q91YT0,365
Q91YT0,36
Q91YT0,104
Q544X6,285
Q544X6,137
Q544X6,414
Q544X6,215
F8VPN4,1462
F8VPN4,1406
F8VPN4,1482
F8VPN4,1302
O09174,276
O09174,267
O09174,100
O09174,57
P00329,324
P00329,227
P00329,339
P00329,316
P49429,63
P49429,166
P49429,297
P49429,7
P51174,92
P51174,81
P51174,42
P51174,279
P55264,70
P55264,255
P55264,116
P55264,50
P97872,186
P97872,273
P97872,97
P97872,394
Q99MZ7,92
Q99MZ7,5
Q99MZ7,83
Q99MZ7,32
Q61176,191
Q61176,41
Q61176,17
Q61176,75
Q8BH95,101
Q8BH95,282
Q8BH95,204
Q8BH95,211
Q8R164,191
Q8R164,119
Q8R164,126
Q8R164,86
Q91YP0,221
Q91YP0,105
Q91YP0,298
Q91YP0,174
Q99LB7,885
Q99LB7,816
Q99LB7,803
Q99LB7,913
P05213,401
P05213,394
P05213,163
A2A7A7,425
A2A7A7,117
A2A7A7,434
A6ZI44,384
A6ZI44,376
A6ZI44,96
Q8K370,948
Q8K370,1056
Q8K370,427
Q9D379,286
Q9D379,52
Q9D379,375
Q91W43,847
Q91W43,519
Q91W43,669
Q61694,244
Q61694,207
Q61694,350
O88986,42
O88986,184
O88986,365
P12787,145
P12787,83
P12787,109
P28843,372
P28843,163
P28843,427
P34914,504
P34914,508
P34914,454
P35492,144
P35492,277
P35492,131
P56382,28
P56382,32
P56382,21
Q60759,371
Q60759,240
Q60759,51
Q62425,74
Q62425,64
Q62425,10
Q8BGL3,188
Q8BGL3,90
Q8BGL3,113
Q8BPD5,46
Q8BPD5,132
Q8BPD5,129
Q8R086,280
Q8R086,495
Q8R086,88
Q8VE38,87
Q8VE38,224
Q8VE38,256
Q91YQ5,117
Q91YQ5,188
Q91YQ5,205
Q99J08,266
Q99J08,51
Q99J08,11
Q99JB2,221
Q99JB2,114
Q99JB2,145
Q9CQA3,153
Q9CQA3,160
Q9CQA3,128
Q9CXJ4,478
Q9CXJ4,245
Q9CXJ4,228
Q9D6Y9,212
Q9D6Y9,39
Q9D6Y9,149
Q9DD20,63
Q9DD20,210
Q9DD20,109
Q9JKR6,889
Q9JKR6,170
Q9JKR6,75
Q9QXF8,238
Q9QXF8,196
Q9QXF8,201
A8DUK4,18
A8DUK4,60
D3YWJ3,108
D3YWJ3,257
Q9QXE0,217
Q9QXE0,361
Q9D0M5,43
Q9D0M5,36
E9Q035,453
E9Q035,296
F8WIK2,788
F8WIK2,792
E9Q1Q9,172
E9Q1Q9,168
G3X925,190
G3X925,321
E9Q5L3,165
E9Q5L3,284
Q9DBN5,784
Q9DBN5,806
E9QNP7,19
E9QNP7,41
E9QPX3,150
E9QPX3,168
Q922Q1,156
Q922Q1,187
F8WGL3,121
F8WGL3,114
Q91XH5,63
Q91XH5,52
G3X8V7,106
G3X8V7,204
G3X9F8,411
G3X9F8,109
Q63880,117
Q63880,54
Q8R128,334
Q8R128,330
O88342,115
O88342,480
P03930,54
P03930,57
P13745,195
P13745,141
P16331,85
P16331,74
P17563,279
P17563,296
Q3U111,158
Q3U111,514
P47911,259
P47911,226
P52503,41
P52503,97
Q9WUR2,301
Q9WUR2,138
Q3TJM2,439
Q3TJM2,219
Q3UER8,276
Q3UER8,405
Q571M4,303
Q571M4,275
Q5SXR6,1539
Q5SXR6,810
Q64471,22
Q64471,204
Q6P5E4,1308
Q6P5E4,744
Q80XN0,103
Q80XN0,132
Q8BVI4,124
Q8BVI4,70
Q8BW75,81
Q8BW75,52
Q8CC86,329
Q8CC86,251
Q9CYR0,103
Q9CYR0,113
Q91WS0,55
Q91WS0,104
Q91XF0,104
Q91XF0,100
Q921K2,442
Q921K2,443
Q921S7,134
Q921S7,63
Q921X9,137
Q921X9,102
Q99K28-2,266
Q99K28-2,15
Q99KR3,282
Q99KR3,247
Q9CQZ6,40
Q9CQZ6,29
Q9CXD6,253
Q9CXD6,264
Q9CZL5,124
Q9CZL5,131
Q9D826,126
Q9D826,98
Q9EQF5,391
Q9EQF5,474
Q9WU79,356
Q9WU79,367
D3Z041,518
D3Z041,522
D3Z041,387
D3Z041,533
D3Z041,552
A2ARD6,417
A2AS89,223
A2ASZ8-3,374
Q99PL5,1545
A6H5Y3,327
G3X9T7,110
Q99LY9,8
B1AXP6,46
B7ZCJ1,951
Q9CWS0,247
E9QJW0,142
E9Q0V4,130
Q3U125,137
Q9D273,224
D3Z1M3,246
Q5U5I3,45
Q02788,668
G5E889,134
P13707,120
E0CYV0,182
Q5SWU9-2,1796
Q6NS59,1430
Q91ZU6-4,3816
E9QN44,437
Q8R3Q6,100
F6Q8D3,132
E9QNW6,245
G3UZM1,359
Q99J39,316
P11087,266
Q99L47,152
Q52L67,114
G3X982,17
Q9JI90,400
O09172,270
O09173,162
Q8R4E6,191
O35386,108
O35459,150
Q8CC13,282
O35683,64
O54734,286
O55022,105
O70475,149
O70503,95
O88851,156
P01027,1215
P04247,43
P07309,96
P22599,181
P08226,167
P10518,252
Q8CGP2-2,44
P11352,62
P13516,202
P14094,289
P14685,72
Q8C243,355
P24456,158
P26231,747
P28665,182
P30933,113
P35505,278
P35585,12
P40240,124
Q8BVQ9,449
P46656,86
P50172,286
P50295,247
P50396,112
P51175,37
P53808,166
P56135,8
P56393,75
P59017,113
P61922,47
P80313,172
P97742,180
Q2TPA8,32
Q6P1B1,130
Q3TL44,659
Q8VDQ1,293
Q3U3R4,555
Q3UEL5,551
Q3UGR5,50
Q3UKX6,62
Q3UNZ8,78
Q3UPL0,118
Q3V125,365
Q4LDG0,416
Q52KE7,365
Q543K9,179
Q5EG47,80
Q8K2C6,20
Q61578,379
Q61733,356
Q64356,57
Q64459,122
Q69ZP3-3,199
Q6GQT9,627
Q6XPS7,389
Q78PY7,641
Q7TMF3,53
Q7TPD2,334
Q7TQ48,792
Q80VP1-2,107
Q9Z2Y8,125
Q8BK72,94
Q8BL66,1165
Q8BMS4,197
Q8C0S4,577
Q8C3X8,532
Q8CG76,136
Q8CI78,241
Q8K0E8,303
Q8K2Y7,74
Q8K3J1,51
Q8K4F5,79
Q8R0N6,433
Q8R2P8,519
Q8R404,108
Q8R5F7,695
Q8VCF0,7
Q8VDM4,551
Q91V76,176
Q5RKZ7,528
Q5RKZ7,265
Q91WL5,66
Q91WN4,116
Q91X72,111
Q91XD4,318
Q91YW3,129
Q91Z53,94
Q921J2,161
Q99MN9,62
Q99N96,94
Q99P30-2,44
Q9CPQ1,61
Q9CQ06,129
Q9CQ69,33
Q9CQ75,75
Q9CQC7,55
Q9CQH3,58
Q9CQJ8,121
Q9CQL4,121
Q9CQN7,103
Q9CQZ5,90
Q9CWK0,79
Q9CRB3,67
Q9CWK8,234
Q9CYW4,15
Q9D020,262
Q9D023,26
Q9D0S9,128
Q9D1B9,150
Q9D1M0,87
Q9D1Q6,130
Q9D9V3,232
Q9DBH5,305
Q9DC71,85
Q9DCT2,108
Q9DCU9,50
Q9EQ06,296
Q9JHW2,249
Q9JIY7,15
Q9QXD1,667
Q9QZ85,25
Q9QZM2,363
Q9R1J0,179
Q9WU78-3,303
Q9WV32,82
Q9WV68,78
Q9WVA2,54
P96818,50
I6YB66,66
I6Y8D8,158
O53611,364
O53611,371
O53611,262
O53611,474
O53611,117
O53611,122
O53611,188
O53611,594
O53611,278
O53611,503
O53611,159
O53611,653
O53611,506
O53611,510
O53611,648
O53611,634
O53611,100
O53611,205
O53611,591
O53611,213
O53611,231
O53611,504
O53611,208
I6Y4H2,5
I6X2F8,728
I6X2F8,447
I6X2F8,570
I6X2F8,66
I6X2F8,167
I6X2F8,305
I6X2F8,484
I6X2F8,480
L7N670,230
Q50631,192
Q50631,613
I6XZY6,127
I6XZY6,190
I6XZY6,224
I6XZY6,122
I6XZY6,15
I6XZY6,179
I6XZY6,20
I6YCB6,161
I6YCB6,115
I6YCB6,158
I6XXN3,433
I6XXN3,313
I6Y309,188
I6Y309,350
I6Y309,60
I6Y309,254
I6Y309,172
I6Y309,456
I6Y309,213
I6Y309,471
I6Y309,474
I6Y309,8
I6Y309,384
I6Y309,118
I6Y309,202
I6X5Y3,70
I6X5Y3,86
I6X5Y3,72
O06417,552
I6X1A1,297
I6X1A1,305
I6X1A1,356
I6X1A1,373
I6X1A1,411
I6X1A1,281
I6X1A1,115
I6X1A1,677
I6YCV1,17
I6YCV1,201
I6YCV1,44
I6YCV1,183
I6YCV1,361
I6YCV1,392
I6YCV1,4
I6YCV1,11
I6YCV1,265
I6YCV1,14
I6X3M7,79
P95227,327
P95227,295
I6X4B3,443
I6X4B3,448
I6X4B3,211
I6X4B3,608
I6X8D2,1468
I6X8D2,687
I6X8D2,550
I6X8D2,181
I6X8D2,1065
I6X8D2,1018
I6X8D2,1412
I6X8D2,506
I6X8D2,1551
I6X8D2,947
I6X8D2,960
I6WZ79,155
O06574,107
O06574,337
O06574,21
O06574,329
A5YKM2,489
A5YKM2,687
A5YKM2,519
A5YKM2,223
A5YKM2,74
B5TV88,5
I6WX77,139
I6WXB0,54
I6WY43,101
I6WY69,88
I6WY69,107
I6WY69,7
I6WYR2,4
I6WYY7,10
I6WYY7,18
I6WYY7,109
I6WYZ2,141
I6WYZ2,83
I6WYZ2,167
I6WZ02,18
I6WZ02,101
I6WZ02,135
I6WZ02,141
I6WZ62,58
I6WZ62,41
I6WZ66,100
I6WZ66,120
I6WZ66,4
I6WZ66,116
I6WZD7,117
I6WZF9,153
I6WZG6,110
I6WZG9,336
I6WZT2,44
I6WZT2,105
I6X0G4,160
I6X0T7,81
I6X0Y5,93
I6X0Y5,95
I6X0Z4,103
I6X149,222
I6X149,213
I6X149,250
I6X149,304
I6X175,121
I6X1D9,255
I6X1D9,259
I6X1D9,204
I6X1D9,210
I6X1D9,313
I6X1D9,180
I6X1E6,599
I6X1E6,583
I6X209,27
I6X209,33
I6X273,65
I6X273,352
I6X273,298
I6X273,19
I6X2E9,141
I6X2E9,61
I6X2I8,28
I6X2X1,253
I6X2Y1,1071
I6X349,61
I6X3E1,396
I6X3I6,328
I6X3L0,161
I6X3P5,79
I6X3P5,94
I6X407,93
I6X407,96
I6X462,53
I6X469,332
I6X469,234
I6X469,378
I6X4C5,26
I6X4D6,62
I6X4J0,459
I6X4J5,115
I6X4M7,765
I6X4M7,872
I6X4M7,548
I6X4M7,226
I6X4Q2,45
I6X4S7,69
I6X4U3,82
I6X4U3,47
I6X558,334
I6X558,59
I6X5C5,254
I6X5C5,299
I6X5C9,47
I6X5F9,352
I6X5F9,202
I6X5F9,199
I6X5K1,248
I6X5P6,84
I6X5P6,82
I6X5P6,94
I6X5P6,123
I6X5R8,56
I6X608,234
I6X608,254
I6X608,296
I6X6B1,125
I6X6I2,45
I6X6P9,188
I6X6Q9,64
I6X6Y9,354
I6X712,323
I6X712,201
I6X712,191
I6X784,234
I6X7B7,143
I6X7B7,86
O53564,206
P71847,101
I6X7R2,21
I6X7R6,49
O69637,157
I6X831,17
I6X854,205
I6X854,442
I6X854,434
O69687,403
O69687,227
I6X8C4,418
I6X8E2,106
I6X8E2,121
I6X8F1,385
I6X8H2,147
Q6MX43,58
Q6MX43,64
Q6MX43,5
Q6MX43,52
I6X9D8,15
I6X9E2,70
I6X9G0,807
I6X9G4,47
I6X9G4,19
I6X9G7,45
I6X9L0,30
I6X9L2,123
I6X9L8,185
I6X9L8,55
I6X9L8,25
I6X9L8,85
I6X9M1,85
P71820,50
I6X9T8,225
O06633,4
O06633,53
O06633,71
I6X9V3,114
I6X9V3,321
I6X9Y7,57
I6XA12,16
I6XA12,55
I6XA12,111
I6XA12,328
I6XBR5,463
I6XBW1,140
I6XBX6,269
I6XBX6,31
I6XBX6,59
I6XBY8,165
I6XBY8,175
I6XBZ1,238
I6XC11,31
I6XC17,34
I6XC17,24
I6XD29,166
I6XD86,143
I6XDC3,52
I6XDI9,21
I6XDI9,9
I6XDR2,68
I6XDR7,329
I6XDX8,354
I6XDX8,329
I6XE99,67
I6XE99,47
I6XEA9,15
I6XEA9,18
I6XEA9,7
I6XEK2,101
I6XEL8,154
I6XEN6,166
I6XES8,320
I6XF13,44
I6XF25,188
I6XF31,142
I6XF43,185
I6XF43,67
I6XF47,29
I6XF56,38
I6XF68,76
I6XF92,193
I6XF92,196
I6XF92,3
I6XFG3,173
I6XFG3,531
I6XFG3,128
I6XFG3,26
I6XFG3,288
I6XFG3,495
I6XFP1,203
I6XFW7,133
I6XFW7,75
I6XFW7,44
I6XFW7,4
I6XG13,12
I6XG13,63
I6XG13,135
I6XGD8,191
I6XGD8,179
I6XGD8,182
I6XGS7,264
I6XGS7,186
I6XGS7,214
I6XH42,230
I6XH47,426
I6XHK1,236
I6XHK1,203
I6XHK6,272
I6XHK6,274
I6XHK6,211
I6XHK6,198
O06376,104
I6XI10,100
I6XI52,231
I6XI82,208
I6XIB6,306
I6XIG1,66
I6XIG1,67
I6XU56,96
I6XU56,260
I6XU56,216
I6XUA7,26
I6XUA7,25
I6XUA7,19
I6XUA7,13
I6XUT7,25
I6XVF1,185
I6XVM6,100
I6XVU7,33
I6XW14,56
I6XW14,25
I6XW14,32
I6XW14,81
I6XWB3,46
I6XWD0,302
I6XWD0,284
I6XWD0,294
I6XWD0,30
I6XWD0,268
I6XWD0,20
I6XWD0,179
I6XWD0,4
I6XWD0,131
I6XWD0,328
I6XWG6,88
I6XWG6,281
I6XWG6,26
I6XWG6,524
I6XWG6,153
I6XWG6,63
I6XWG6,269
I6XWG6,523
I6XWI3,303
I6XWI3,409
I6XWI3,328
I6XWI3,332
I6XWI3,121
I6XWI3,323
I6XWI3,360
I6XWI3,170
I6XWI3,56
I6XWI3,313
I6XWI3,39
I6XWU3,362
I6XWZ0,99
I6XX35,53
I6XX88,31
I6XXA2,89
I6XXK3,125
I6XXM2,142
I6XXM2,49
I6XXP0,66
I6XXP0,244
I6XXR6,98
I6XXT7,36
P71672,107
I6Y2I3,259
I6Y2I3,54
I6Y2M3,116
I6Y2Q2,15
I6Y340,89
O06348,200
I6Y3N4,44
I6Y3P7,198
I6Y3P7,206
I6Y3P7,183
I6Y3Q7,220
I6Y3Q7,209
I6Y3Q7,214
I6Y3R0,163
I6Y3T3,172
I6Y3W4,160
I6Y3W4,181
I6Y3W4,97
I6Y3Z8,25
I6Y3Z8,21
I6Y3Z8,106
I6Y496,193
I6Y496,209
I6Y496,54
I6Y4E3,181
I6Y4E3,108
I6Y4E3,115
I6Y4E8,181
I6Y4J0,30
I6Y4J0,42
I6Y4J0,141
I6Y4J0,87
P95072,549
I6Y4Q0,728
I6Y4Q0,732
I6Y4Q0,109
I6Y4Q0,1264
I6Y4Q0,724
I6Y4Q0,839
I6Y4Q3,83
I6Y4Q3,118
I6Y4T7,260
I6Y4U4,143
I6Y569,190
I6Y5E8,29
I6Y5E8,187
I6Y5E8,202
I6Y5E8,10
I6Y5L0,57
I6Y5L0,179
I6Y628,1133
I6Y628,207
I6Y628,1093
I6Y628,116
I6Y628,156
I6Y628,1080
I6Y628,475
I6Y628,482
I6Y628,187
I6Y628,306
I6Y628,150
I6Y628,219
I6Y628,432
I6Y628,472
I6Y628,870
I6Y661,280
I6Y661,100
I6Y661,295
I6Y674,134
I6Y678,59
I6Y6A4,54
I6Y6A4,219
I6Y6N7,233
I6Y6N7,181
I6Y6P5,337
I6Y721,598
I6Y721,211
I6Y733,271
I6Y778,66
I6Y778,168
I6Y778,302
I6Y7H1,539
I6Y7R3,520
I6Y7R3,524
I6Y7T6,78
I6Y7U2,135
I6Y7Z2,32
I6Y7Z2,142
I6Y7Z2,284
I6Y834,182
I6Y861,256
I6Y869,64
I6Y869,85
I6Y869,119
I6Y869,132
I6Y869,78
I6Y869,47
I6Y869,114
I6Y869,136
I6Y8B5,10
I6Y8C1,250
I6Y8D9,53
I6Y8F0,376
I6Y8F0,451
P95034,74
I6Y8H8,140
I6Y8H8,143
I6Y8H9,10
I6Y8H9,14
I6Y8H9,158
I6Y8H9,173
I6Y8I3,92
I6Y8I3,135
I6Y8I3,147
I6Y8J3,5
I6Y8K0,351
I6Y8X3,2
I6Y8X3,208
I6Y919,6
I6Y946,230
I6Y973,105
I6Y973,418
I6Y9D5,30
I6Y9E8,79
I6Y9K2,229
I6Y9K2,158
I6Y9P2,308
I6Y9S9,271
I6Y9S9,258
I6Y9X4,147
I6Y9X4,277
I6YA03,139
I6YA03,146
I6YA22,47
I6YA34,73
I6YA34,87
I6YA45,5
I6YA59,100
I6YA59,119
I6YA59,171
I6YA63,356
I6YA63,124
I6YA63,269
I6YA77,273
I6YA77,112
I6YAF6,295
I6YAF6,298
I6YAF6,358
I6YAF6,220
I6YAI8,156
I6YAI8,115
I6YAI8,109
I6YAJ4,273
I6YAJ4,74
I6YAK9,143
I6YAK9,352
I6YAK9,123
I6YAK9,133
I6YAK9,198
I6YAK9,259
I6YAK9,216
I6YAK9,188
O33272,159
O33272,67
I6YAT7,396
I6YAT7,446
I6YAT7,243
I6YAV6,52
I6YAY0,87
I6YAY0,92
I6YAY0,53
I6YAY0,197
I6YAY0,203
I6YAY0,79
I6YAY0,19
I6YAY0,153
I6YAY0,160
I6YAY0,245
I6YAY0,264
I6YB44,341
I6YB52,54
I6YB52,83
I6YB52,106
I6YB52,137
I6YB52,5
I6YB52,74
I6YB64,292
I6YBA1,90
I6YBI0,72
I6YBI0,37
I6YBI0,76
I6YBK0,410
I6YBK0,23
I6YBL6,115
I6YBN9,368
I6YBN9,138
I6YBR3,102
I6YBU4,111
I6YBW8,76
I6YBX7,557
I6YBX7,143
I6YBX7,600
I6YBX7,356
I6YBX7,310
I6YBX7,590
I6YBX7,688
I6YBX7,554
I6YBX7,433
I6YC43,115
I6YC67,91
I6YC89,11
I6YCA3,238
I6YCA7,261
I6YCG0,25
I6YCG0,33
I6YCG0,89
I6YCG0,237
I6YCG7,72
I6YCH4,90
I6YCN6,542
I6YCN6,189
I6YCR0,142
O69652,294
I6YCS0,282
I6YCT0,456
I6YCT7,24
I6YCU3,87
I6YCU3,43
I6YCW0,250
I6YD14,56
I6YD20,262
I6YD20,276
I6YD25,35
I6YD25,43
I6YD25,492
I6YD68,83
I6YD68,71
I6YD68,116
I6YD76,9
I6YD76,419
I6YD84,246
I6YDA2,310
I6YDA2,321
I6YDA2,334
I6YDA2,304
I6YDA2,56
I6YDA2,523
I6YDA2,206
I6YDG0,45
I6YDG0,167
I6YDM5,143
I6YDP0,213
I6YDP0,315
I6YE58,91
I6YEC9,10
I6YEC9,75
I6YEC9,230
I6YEL0,336
I6YEL0,133
I6YEL0,122
I6YEQ5,59
I6YEQ9,167
I6YEQ9,100
I6YEV7,148
I6YEV7,55
I6YEV7,100
I6YF40,276
I6YF40,151
O05773,14
I6YG15,136
I6YG15,258
I6YG23,364
I6YG23,368
I6YG23,31
I6YG23,183
I6YG71,213
I6YG71,173
I6YG71,131
I6YG71,292
I6YG75,40
I6YGF8,253
I6YGJ9,108
I6YGW9,63
I6YGW9,46
I6YH72,354
I6YH72,72
I6YHD6,207
I6YHD6,200
I6YHD6,259
I6YHD6,267
I6YHD6,134
I6YHG3,767
L7N655,781
L7N655,730
L7N655,243
L7N663,54
L7N668,33
L7N672,325
L7N672,266
L7N684,307
L7N6A5,15
O05293,271
O05777,269
O05777,197
O05856,166
O05866,117
O06178,117
O06216,36
O06218,2
O06298,128
O06298,97
O06315,169
O06554,120
O06592,34
O06592,78
O06597,147
O06797,91
O06797,126
O06803,62
O06803,305
O06816,117
O07169,509
O07178,33
O07242,85
O07256,216
O07256,80
O07434,82
O07738,283
O07738,348
O07752,363
O07804,30
O33177,96
O33268,570
O33273,75
O33358,134
O50397,25
O50434,170
O50435,366
O50455,260
O50460,51
O53146,134
O53146,140
O53146,178
O53146,125
O53193,85
O53319,308
O53346,157
O53362,408
O53390,372
O53406,521
O53430,19
O53506,254
O53506,163
O53506,207
O53516,132
O53532,187
O53604,6
O53664,240
O53664,268
O53664,158
O53666,338
O53666,70
O53666,81
O53666,394
O53666,179
O53669,121
O53669,206
O53673,145
O53697,363
O53726,291
O53749,15
O53773,218
O53777,122
O53777,93
O53777,151
O53931,58
O53943,235
O53961,5
O53979,72
O65936,83
O65936,315
O65936,320
O65936,175
O69689,38
O69689,384
O69689,337
O69689,242
O69693,10
O86340,26
O86358,71
O86358,171
P71540,171
P71658,102
P71658,139
P71658,141
P71658,129
P71658,151
P71658,156
P71737,84
P71737,73
P71738,102
P71790,275
P71898,13
P71905,440
P71905,626
P71905,508
P71988,316
P71990,180
P72043,251
P72043,319
P72043,176
P95149,281
P95159,186
P95159,187
P95186,229
P95186,10
P95187,244
P95187,12
P95197,281
P95202,134
P95223,887
P95228,384
P95228,638
P95228,695
P95228,544
P95228,431
P95228,371
P95229,275
P95270,107
P95270,179
P96272,107
P96273,112
P96375,112
P96381,39
P96414,355
P96414,424
P96874,33
P96874,53
P96874,64
P96886,105
Q10782,133
Q6MWZ8,4
Q6MX34,284
Q6MX34,343
Q6MX34,514
Q6MX34,304
Q79FN7,51
15607269,34
15607321,18
15607573,230
15607574,215
15607574,216
15607607,154
15607616,180
15607616,184
15607623,308
15607787,298
15607998,376
15608050,90
15608050,94
15608112,268
15608295,44
15608372,56
15608405,166
15608468,375
15608468,255
15608468,704
15608468,677
15608468,276
15608779,190
15608821,964
15609001,43
15609033,41
15609167,392
15609541,426
15609547,232
15609674,47
15609709,364
15609778,30
15609586,127
15610128,61
15610188,500
15610188,259
15610188,65
15610406,71
15610411,160
15610835,221
15610933,506
15610950,130
15610986,33
15610988,58
448824757,30
57116808,56
57116810,337
57117016,167
57117051,23
q0065,529
YAL035W,976
YER138C,568
YER138C,368
YER138C,207
YER138C,379
YBL027W,128
YBL027W,80
YBL027W,52
YBL030C,182
YBL032W,194
YBL041W,119
YBL045C,408
YBL047C,635
YNL121C,103
YBL092W,72
YBL092W,80
YBL092W,61
YBL092W,103
YBL092W,123
YML086C,491
YBR009C,32
YBR018C,102
YBR019C,306
YBR019C,229
YBR020W,99
YBR025C,162
YBR026C,301
YBR026C,242
YBR026C,238
YBR069C,71
YBR079C,757
YPL078C,113
YPL078C,209
YBR106W,168
YBR106W,90
YBR111C,55
YBR111C,210
YBR127C,13
YBR127C,226
YBR127C,411
YBR143C,60
YBR143C,331
YBR189W,92
YBR189W,37
YBR189W,115
YBR189W,90
YPL079W,35
YPL079W,43
YPL079W,129
YPL079W,60
YBR249C,65
YPR191W,302
YPR191W,309
YKL120W,261
YBR286W,263
YCL043C,358
YCL043C,394
YCL057W,203
YCR083W,41
YCR084C,39
YCR088W,269
YDL051W,207
YDL055C,130
YDL055C,137
YDL055C,98
YDL058W,1565
YDL095W,467
YDL124W,311
YDL126C,710
YDL140C,738
YDL160C,54
YDL166C,35
YDL181W,41
YDL181W,56
YDL185W,117
YDL185W,411
YDR002W,77
YDR023W,80
YDR023W,93
YDR023W,350
YDR023W,70
YDR064W,93
YDR083W,196
YER177W,70
YER177W,51
YER177W,125
YDR129C,5
YDR129C,47
YDR168W,462
YDR172W,330
YDR190C,450
YBL064C,183
YBL064C,131
YDR299W,79
YDR322C-A,50
YDR341C,12
YDR377W,28
YDR381W,225
YDR399W,52
YDR418W,40
YDR418W,86
YDR418W,146
YDR427W,53
YDR427W,87
YDR432W,194
YDR447C,72
YDR447C,59
YDR447C,49
YDR447C,116
YDR447C,111
YDR450W,56
YDR450W,36
YDR450W,96
YDR482C,9
YDR513W,129
YDR513W,139
YEL031W,619
YEL047C,334
YER003C,197
YER023W,216
YER023W,284
YER025W,362
YER025W,146
YER049W,420
YER056C-A,99
YER056C-A,106
YIL053W,108
YER069W,272
YER072W,24
YGL187C,95
YER074W,52
YER074W,37
YER074W,43
YER074W,49
YER091C,559
YER091C,462
YER091C,712
YER091C,724
YER091C,232
YER091C,432
YER091C,389
YER091C,319
YER091C,48
YER094C,39
YER110C,407
YER120W,165
YER122C,266
YGL009C,186
YGL009C,397
YGL009C,81
YGL009C,328
YGL020C,86
YGL022W,556
YGL026C,13
YGL099W,489
YGL103W,111
YGL103W,132
YGL103W,70
YGL103W,96
YGL103W,55
YGL105W,147
YGL105W,361
YGL135W,18
YGL135W,147
YGL135W,130
YGL135W,91
YGL167C,480
YGL200C,147
YGL202W,84
YGL202W,371
YGR094W,1064
YGR094W,69
YGR118W,50
YGR118W,30
YGR159C,219
YGR167W,135
YGR208W,33
YGR240C,807
YGR240C,337
YGR240C,24
YGR240C,555
YGR240C,869
YGR254W,126
YGR254W,258
YGR254W,264
YGR254W,67
YGR254W,79
YGR254W,139
YGR254W,436
YGR254W,329
YGR280C,61
YGR282C,156
YGR285C,160
YGR285C,408
YGR285C,412
YGR285C,363
YHL015W,8
YHL015W,52
YHL015W,43
YHL015W,101
YHL015W,77
YHL034C,92
YHL034C,99
YHR010W,126
YHR010W,111
YHR019C,451
YHR019C,45
YHR019C,65
YHR039C-A,60
YHR039C-A,41
YHR064C,270
YHR064C,529
YHR064C,435
YHR137W,15
YHR141C,86
YHR141C,29
YHR146W,54
YHR179W,8
YHR179W,19
YHR179W,172
YHR183W,300
YHR183W,309
YHR183W,292
YHR183W,313
YHR183W,259
YHR183W,37
YHR208W,299
YIL022W,333
YIL041W,12
YIL075C,126
YDR298C,149
YDR298C,65
YIL133C,155
YIL133C,170
YIR006C,601
YJL026W,20
YJL026W,74
YJL026W,50
YJL041W,365
YJL080C,934
YJL080C,136
YJL080C,321
YJL130C,1989
YJL130C,294
YJL130C,864
YJL130C,2180
YJL130C,205
YJL130C,1180
YJL130C,417
YJL136C,38
YJL136C,5
YJL148W,126
YJL149W,323
YJL158C,149
YKL180W,80
YKL180W,105
YKL180W,74
YKL180W,27
YJL189W,5
YJR064W,389
YJR065C,430
YJR104C,101
YJR104C,89
YJR104C,97
YJR104C,129
YMR083W,49
YMR083W,319
YJR123W,212
YKL001C,76
YKL016C,105
YKL016C,34
YKL056C,159
YKL056C,118
YKL056C,108
YKL056C,80
YKL060C,55
YKL060C,73
YKL060C,323
YKL060C,326
YKL060C,307
YKL060C,308
YKL060C,340
YKL060C,345
YKL060C,255
YKL060C,85
YKL060C,8
YKL060C,348
YKL060C,114
YKL065C,185
YKL077W,218
YKL080W,208
YER178W,264
YFR044C,94
YFR044C,16
YKL104C,63
YKL117W,118
YKL176C,606
YKL182W,1793
YKL182W,1918
YKL182W,1921
YKL182W,445
YKL182W,2002
YKL182W,812
YKL182W,1030
YKL182W,118
YKL182W,1358
YKL182W,556
YKL182W,1439
YKL182W,1206
YKL182W,809
YKL196C,15
YKL216W,46
YKL216W,293
YKL216W,214
YKL216W,161
YKL216W,255
YKR065C,177
YLL018C,414
YLL018C,31
YLL018C,77
YLL018C,403
YLL026W,442
YLL026W,302
YLR003C,218
YLR029C,184
YLR029C,5
YLR029C,169
YLR029C,140
YLR044C,209
YLR044C,345
YLR044C,228
YLR044C,249
YLR044C,190
YLR044C,198
YLR044C,342
YLR044C,562
YLR044C,525
YLR044C,532
YLR044C,554
YLR044C,315
YLR044C,8
YLR044C,304
YLR044C,520
YLR044C,463
YLR044C,269
YLR060W,476
YLR075W,198
YLR075W,145
YLR075W,191
YLR089C,200
YLR109W,47
YLR109W,7
YLR109W,107
YLR113W,288
YLR150W,83
YLR150W,27
YLR150W,121
YLR150W,23
YLR175W,50
YLR216C,210
YLR244C,131
YLR248W,193
YLR250W,138
YLR287C-A,53
YLR301W,225
YLR325C,9
YLR335W,624
YLR355C,126
YLR355C,136
YLR355C,115
YLR355C,197
YLR355C,187
YLR355C,70
YLR355C,226
YLR355C,336
YLR355C,347
YLR355C,382
YLR355C,163
YLR355C,208
YLR359W,273
YLR389C,92
YLR421C,117
YML048W,240
YML070W,245
YML070W,252
YML072C,90
YML074C,322
YML091C,513
YML128C,472
YMR012W,740
YMR012W,940
YMR012W,5
YMR062C,276
YMR062C,360
YMR072W,162
YMR099C,186
YMR099C,35
YMR105C,544
YMR116C,228
YMR116C,40
YMR116C,46
YMR116C,107
YMR116C,117
YMR116C,161
YMR125W,662
YMR208W,375
YMR217W,436
YMR217W,270
YMR290C,444
YMR307W,240
YMR309C,500
YMR318C,317
YNL010W,196
YNL010W,141
YNL010W,46
YNL044W,46
YNL064C,225
YNL079C,68
YNL079C,153
YNL084C,296
YMR108W,615
YNL138W,219
YNL157W,37
YNL168C,132
YNL189W,398
YNL244C,52
YNL248C,42
YNR013C,26
YNR030W,542
YNR043W,244
YNR051C,50
YNR054C,34
YOL005C,84
YOL040C,72
YOL058W,157
YOL077C,240
YOL109W,18
YOL109W,23
YOL109W,29
YOL109W,45
YOL109W,34
YOL109W,91
YOL109W,7
YOL123W,189
YOL139C,111
YOL139C,36
YOR007C,150
YOR007C,116
YOR007C,216
YOR007C,209
YOR007C,80
YOR020C,9
YOR020C,6
YOR020C,38
YOR027W,333
YOR027W,409
YOR027W,98
YOR027W,574
YOR027W,146
YOR027W,19
YOR027W,9
YOR091W,337
YOR122C,15
YOR153W,232
YOR164C,260
YOR184W,122
YOR184W,58
YOR198C,240
YOR198C,113
YOR198C,90
YOR204W,246
YOR204W,386
YOR206W,120
YOR211C,274
YOR230W,210
YOR230W,48
YOR243C,368
YOR254C,410
YOR265W,49
YOR270C,226
YOR285W,31
YOR310C,80
YOR317W,690
YOR326W,312
YOR332W,153
YOR332W,63
YOR361C,161
YOR362C,194
YOR369C,105
YOR369C,95
YOR375C,218
YOR375C,118
YOR375C,404
YOR375C,70
YOR375C,53
YPL059W,52
YPL131W,254
YPL131W,258
YPL131W,58
YPL131W,27
YPL131W,270
YPL131W,164
YPL222W,143
YPL226W,459
YPL231W,674
YPL231W,1514
YPL231W,560
YPL231W,999
YPL231W,1002
YPL231W,86
YPL231W,1632
YPL231W,1741
YPL231W,491
YPL231W,1736
YPL231W,1835
YPL231W,937
YPL231W,505
YPL231W,173
YPL231W,1081
YPL231W,1087
YPL231W,351
YNL055C,50
YNL055C,19
YPL273W,312
YPR028W,161
YPR033C,62
YPR036W,53
YPR041W,274
YPR069C,265
YPR125W,383
YPR159W,104
YPR159W,98
YPR163C,155
YPR181C,568
YPR183W,35
YIL051C,77
B5M6R2,58
B9QE96,609
B9QE96,612
B9QE96,823
Q1JSY0,354
Q1JSY0,232
Q1JSY0,385
Q1JSY0,379
Q1KSF3,307
Q1KSF3,486
Q1KSF3,535
Q1KSF3,212
Q1KSF3,165
Q1KSF3,218
Q9BKE2,217
Q9BKE2,62
S7UKW3,88
S7UM11,212
S7UM11,196
S7UNU2,384
S7URQ8,765
S7UUN3,342
S7UUN3,467
S7UUN3,478
S7UUN3,78
S7UUN3,453
S7UUN3,461
S7UW53,499
S7UW53,419
S7UWA6,777
S7UXS8,52
S7UXS8,99
S7V2T0,400
S7V2T0,301
S7V2T0,396
S7V2T0,467
S7V2T0,140
S7V2T0,320
S7V2T0,157
S7V2T0,464
S8EPG6,222
S8EPG6,440
S8ER81,318
S8ERA1,123
S8ERA1,56
S8ERT6,231
S8ERT6,299
S8ERT6,56
S8ERT6,294
S8ERT6,190
S8ERT6,70
S8ERT6,461
S8ERT6,239
S8ERT6,247
S8ERT6,417
S8ERT6,388
S8ES70,270
S8ESF8,404
S8ESF8,264
S8ESF8,656
S8ESF8,668
S8ESF8,689
S8ESF8,191
S8ESF8,197
S8ESF8,241
S8ESF8,399
S8ESF8,345
S8ESF8,522
S8ESF8,160
S8ESF8,448
S8ESF8,454
S8ESF8,459
S8ESF8,654
S8ESF8,188
S8EUM4,157
S8EVA6,70
S8EWL8,383
S8EWP8,356
S8EWP8,444
S8EWS1,523
S8EWS1,445
S8EWS1,409
S8EXD3,451
S8EYC0,585
S8EZA4,623
S8EZA4,640
S8EZA4,194
S8EZA4,537
S8EZA4,666
S8EZA4,572
S8EZA4,140
S8EZA4,351
S8EZQ9,349
S8EZQ9,376
S8EZV2,102
S8EZV2,150
S8EZV2,126
S8EZV2,133
S8F029,265
S8F029,275
S8F029,197
S8F029,282
S8F029,253
S8F029,216
S8F0X4,526
S8F0X4,102
S8F0X4,465
S8F0X4,495
S8F0X4,58
S8F1E5,168
S8F1V7,30
S8F1V7,57
S8F1V7,199
S8F1V7,17
S8F1V7,104
S8F2N7,211
S8F2Q2,226
S8F2Q2,158
S8F2Q2,202
S8F2Q2,185
S8F3R8,206
S8F3W4,251
S8F5C6,243
S8F5G1,74
S8F5G1,272
S8F5G1,286
S8F5G1,268
S8F5G1,176
S8F5G1,136
S8F640,107
S8F7E2,131
S8F7E2,94
S8F7E2,99
S8F7E2,104
S8F7E2,144
S8F7E2,208
S8F952,1468
S8F952,1004
S8F952,1372
S8F952,1209
S8F968,270
S8F993,377
S8F9X3,155
S8FA49,54
S8FA49,36
S8FB92,186
S8FB92,194
S8FB92,108
S8FB92,139
S8FDT3,33
S8FDT3,20
S8FE12,149
S8FFS7,355
S8FFS7,500
S8FFS7,511
S8FFS7,343
S8FFS7,716
S8FZC8,16
S8FZC8,54
S8FZE9,370
S8FZE9,205
S8FZE9,198
S8G0C7,52
S8G0C7,57
S8G246,114
S8G246,122
S8G246,166
S8G527,11
S8G5T5,236
S8G630,229
S8G630,1012
S8G630,569
S8G630,863
S8G630,895
S8G630,300
S8G630,558
S8G630,647
S8G630,788
S8G630,532
S8G630,785
S8G630,480
S8G630,858
S8G7L7,211
S8G7L7,205
S8G7L7,279
S8GB71,245
S8GCR8,455
S8GCR8,506
S8GCR8,145
S8GCR8,281
S8GCR8,286
S8GCR8,219
S8GCU3,277
S8GCU3,547
S8GCY4,478
S8GCY4,488
S8GCY4,418
S8GCY4,425
S8GCY4,163
S8GCY4,167
S8GCY4,84
S8GCY4,183
S8GCY4,315
S8GD16,15
S8GD16,124
S8GDD7,159
S8GDD7,171
S8GDK7,102
S8GDK7,214
S8GDT8,766
S8GEX2,34
S8GHD8,74
S8GJQ9,161
S8GJQ9,154
S8GKI2,266
S8GKW7,105
S8GKW7,136
S8GUU0,161
S8GUU0,170
V4YKQ9,230
V4YKQ9,239
V4YKQ9,136
V4YKQ9,250
V4YKQ9,188
V4YNN3,432
V4YQK1,1274
V4YQK1,1335
V4YQK1,1309
V4YRX3,551
V4YRX3,625
V4YRX3,506
V4YV42,518
V4YV42,343
V4YZ90,549
V4YZB2,354
V4Z2A1,605
V4Z393,252
V4Z4E7,1805
V4Z4E7,1356
V4Z4U6,154
V4Z6Q0,310
V4Z729,443
V4Z729,200
V4Z729,478
V4Z729,127
V4Z729,131
V4Z729,615
V4Z729,218
V4Z729,75
V4Z7G3,458
V4Z7G3,350
V4Z7G3,802
V4Z7M7,715
V4Z821,189
V4ZAA9,743
V4ZAP4,278
V4ZBH7,150
V4ZBR1,253
V4ZEZ2,330
V4ZEZ2,266
V4ZEZ2,425
V4ZEZ2,357
V4ZEZ2,320
V4ZFC8,317
V4ZFC8,723
V4ZFC8,386
V4ZKE2,1020
V4ZKE2,1058
V4ZKE2,1092
V4ZKE2,1245
V4ZP20,68
V4ZP20,61
V4ZP20,41
V4ZP20,25
V4ZQL8,739
V4ZQL8,987
V4ZQL8,608
V4ZR24,315
V4ZR24,318
V4ZR24,326
V4ZR24,304
V4ZR24,154
V4ZSR6,222
V4ZSR6,230
V4ZSR6,143
V5AY44,5633
V5BAB7,401
V5BCJ1,436
V5BCJ1,443
V5BCJ1,481
V5BCJ1,511
V5BCJ1,71
V5BCJ1,191
V5BCJ1,270
V5BCJ1,433
V5BCJ1,169
V5BHR4,627
V5BIR7,551
V5BIR7,227
V5BIR7,430
V5BIR7,265
V5BIR7,387
V5BIR7,256
V5BMY4,713
V5BMY4,292
